ISO,scenario,year,pi,pi_dose
AND,max_uptake,1,0.9952707490914413,0.995204741720739
AND,max_uptake,2,0.9901318589343654,0.9900077705559068
AND,max_uptake,3,0.9845274810926773,0.9843617022143827
AND,max_uptake,4,0.9783936712677197,0.9781847089577527
AND,max_uptake,5,0.9717186811008156,0.9714677519161723
AND,max_uptake,6,0.9644505969318495,0.9641624110325308
AND,max_uptake,7,0.9565949845894318,0.9562621372611678
AND,max_uptake,8,0.9480485924117233,0.9476664314851714
AND,max_uptake,9,0.93873689061683,0.938316334478044
AND,max_uptake,10,0.9286414979595409,0.9281717679025503
AND,max_uptake,11,0.9176568493301231,0.917133225954
AND,max_uptake,12,0.9057764926055346,0.9052035066028901
AND,max_uptake,13,0.8929680659273229,0.8923226423687629
AND,max_uptake,14,0.8791644121882755,0.8784396907631483
AND,max_uptake,15,0.8643924726213906,0.8635795062950137
AND,mod_uptake,1,0.995326273792429,0.995106331870991
AND,mod_uptake,2,0.9902591948555267,0.9898100569937354
AND,mod_uptake,3,0.9847158537142506,0.984056008065405
AND,mod_uptake,4,0.9786627805658284,0.9777753411163677
AND,mod_uptake,5,0.9720724908081656,0.9709407667454222
AND,mod_uptake,6,0.9648956481464562,0.9634997915722427
AND,mod_uptake,7,0.9571223998855606,0.9554596275866772
AND,mod_uptake,8,0.9486625735920291,0.9467180013611285
AND,mod_uptake,9,0.9394465506256028,0.9372130314731417
AND,mod_uptake,10,0.9294514684340572,0.9269111035335976
AND,mod_uptake,11,0.9185586499707878,0.9156845687018405
AND,mod_uptake,12,0.9067921377355401,0.903567627005421
AND,mod_uptake,13,0.8940891598185396,0.8904911168604477
AND,mod_uptake,14,0.8804044794721929,0.8764195080582776
AND,mod_uptake,15,0.8657445933395924,0.8613814116245664
ARE,max_uptake,1,0.9986541339184679,0.9985937134145421
ARE,max_uptake,2,0.9971762327463386,0.9970534542055685
ARE,max_uptake,3,0.9955686094725169,0.9953777073379726
ARE,max_uptake,4,0.9938227574297374,0.9935580276777571
ARE,max_uptake,5,0.9919238786050258,0.9915761556986299
ARE,max_uptake,6,0.9898153490235769,0.9893805281541197
ARE,max_uptake,7,0.9875091595407914,0.9869808862277195
ARE,max_uptake,8,0.984972964791078,0.9843450672228302
ARE,max_uptake,9,0.9822141307702761,0.9814781644492008
ARE,max_uptake,10,0.9792101818383542,0.9783540504149086
ARE,max_uptake,11,0.9759113983614378,0.9749274099271981
ARE,max_uptake,12,0.9722946174346602,0.9711723387785336
ARE,max_uptake,13,0.9683278915284741,0.9670672074117094
ARE,max_uptake,14,0.964007745892383,0.9625968006411304
ARE,max_uptake,15,0.9593117426119625,0.9577413358544508
ARE,mod_uptake,1,0.998629040528347,0.9985718467648188
ARE,mod_uptake,2,0.997122655471131,0.9970020834360228
ARE,mod_uptake,3,0.9954861161278603,0.9953004790453501
ARE,mod_uptake,4,0.9937082422124702,0.993451232303059
ARE,mod_uptake,5,0.9917750958824474,0.9914367313975675
ARE,mod_uptake,6,0.9896315525066618,0.9892061265998668
ARE,mod_uptake,7,0.9872817368972574,0.9867632047735749
ARE,mod_uptake,8,0.9847073706347225,0.984089463616159
ARE,mod_uptake,9,0.9819035832147073,0.981178902121638
ARE,mod_uptake,10,0.9788520103066172,0.9780110172887118
ARE,mod_uptake,11,0.9754992669339865,0.9745336173464061
ARE,mod_uptake,12,0.971825053716347,0.9707286715156357
ARE,mod_uptake,13,0.9678007522403455,0.9665552035177247
ARE,mod_uptake,14,0.9634139293296495,0.962010295011143
ARE,mod_uptake,15,0.9586408112563788,0.9570775926377406
ASM,max_uptake,1,0.9976586114001214,0.9974966847550131
ASM,max_uptake,2,0.9951064886051783,0.9947755897226891
ASM,max_uptake,3,0.9923211982405269,0.9918119583702585
ASM,max_uptake,4,0.9892678721823267,0.9885669623629599
ASM,max_uptake,5,0.9859349889347037,0.9850286320123519
ASM,max_uptake,6,0.9822931608125721,0.9811651397489496
ASM,max_uptake,7,0.9783153552036437,0.9769488876027218
ASM,max_uptake,8,0.9739674686716786,0.9723474992546134
ASM,max_uptake,9,0.969198837888048,0.9673087261846111
ASM,max_uptake,10,0.9639935914324961,0.961815557028762
ASM,max_uptake,11,0.9583052778581213,0.9558250525737325
ASM,max_uptake,12,0.9521044206524922,0.9493081231709616
ASM,max_uptake,13,0.9453644208261255,0.9422333856840657
ASM,max_uptake,14,0.9380308925338247,0.9345517725711966
ASM,max_uptake,15,0.9300954076156731,0.9262543317102
ASM,mod_uptake,1,0.997630065552887,0.9975422782567344
ASM,mod_uptake,2,0.9950471930170557,0.9948706134024505
ASM,mod_uptake,3,0.992231173333387,0.9919594623908503
ASM,mod_uptake,4,0.9891436202905411,0.988773462496838
ASM,mod_uptake,5,0.9857750001248546,0.9852986930473048
ASM,mod_uptake,6,0.9820836383348792,0.9814972846641381
ASM,mod_uptake,7,0.9780511710803461,0.9773495116408036
ASM,mod_uptake,8,0.9736396972720142,0.9728213585703753
ASM,mod_uptake,9,0.9688020214605413,0.9678621675513103
ASM,mod_uptake,10,0.9635260010984158,0.9624559235123534
ASM,mod_uptake,11,0.9577661728882393,0.9565575997295683
ASM,mod_uptake,12,0.9514814126040675,0.9501357720047817
ASM,mod_uptake,13,0.944638042342489,0.943158623049898
ASM,mod_uptake,14,0.9371887180916654,0.9355776467422987
ASM,mod_uptake,15,0.9291367169244119,0.9273890379753855
ATG,max_uptake,1,0.9971881275096957,0.9970773792142495
ATG,max_uptake,2,0.994115982453161,0.9938916693952424
ATG,max_uptake,3,0.9907584284876372,0.9904125991601755
ATG,max_uptake,4,0.9870688966303567,0.9865972271635177
ATG,max_uptake,5,0.9830297346395134,0.9824203554831648
ATG,max_uptake,6,0.9786023826335868,0.9778439632017929
ATG,max_uptake,7,0.9737526578264822,0.9728366014341435
ATG,max_uptake,8,0.968437277465182,0.9673517664882613
ATG,max_uptake,9,0.962600319707224,0.9613364732059299
ATG,max_uptake,10,0.9562185053346809,0.9547610654412297
ATG,max_uptake,11,0.9492267554487828,0.9475620455467563
ATG,max_uptake,12,0.941608712237869,0.9397287607461587
ATG,max_uptake,13,0.9333087899813285,0.9311960956108339
ATG,max_uptake,14,0.9242697882227944,0.9219194159561978
ATG,max_uptake,15,0.9145058822158695,0.9119015306733873
ATG,mod_uptake,1,0.9972036957618741,0.9971266959077685
ATG,mod_uptake,2,0.9941540725166526,0.9939968328862349
ATG,mod_uptake,3,0.9908157562653734,0.9905761203004632
ATG,mod_uptake,4,0.9871501553626381,0.9868251154762062
ATG,mod_uptake,5,0.983135299937296,0.9827189304692153
ATG,mod_uptake,6,0.978729078575803,0.978219163386923
ATG,mod_uptake,7,0.9738726455448034,0.9732788448852085
ATG,mod_uptake,8,0.9685597809798542,0.9678754984697994
ATG,mod_uptake,9,0.9627178640036639,0.9619429163837132
ATG,mod_uptake,10,0.9563269807501754,0.955455158602116
ATG,mod_uptake,11,0.9493234645114663,0.9483547918694437
ATG,mod_uptake,12,0.9416956568136805,0.9406285994090977
ATG,mod_uptake,13,0.9333634993434299,0.9321990156113145
ATG,mod_uptake,14,0.9242856400772264,0.923028764919628
ATG,mod_uptake,15,0.9144703458279447,0.9131159846229281
AUS,max_uptake,1,0.9968439294106518,0.9966837397294487
AUS,max_uptake,2,0.9933725960158918,0.9930440596728748
AUS,max_uptake,3,0.9895672124328592,0.989060171093129
AUS,max_uptake,4,0.9853893524173746,0.9846926452398445
AUS,max_uptake,5,0.98079812256516,0.9799032335599045
AUS,max_uptake,6,0.9757538405372728,0.9746437521648789
AUS,max_uptake,7,0.9701882864256324,0.9688491454251532
AUS,max_uptake,8,0.9640601283051063,0.9624733182570644
AUS,max_uptake,9,0.9573306654251564,0.9554762317238717
AUS,max_uptake,10,0.94996320181032,0.9478243266121529
AUS,max_uptake,11,0.9419041022034655,0.9394639052415815
AUS,max_uptake,12,0.933088294275191,0.9303274115827401
AUS,max_uptake,13,0.9234577439411069,0.9203550141142628
AUS,max_uptake,14,0.9129717062007231,0.9095112753366436
AUS,max_uptake,15,0.9016158310076007,0.8977804001179308
AUS,mod_uptake,1,0.9967842212427596,0.9966631657320865
AUS,mod_uptake,2,0.9932360764704172,0.9929921330502601
AUS,mod_uptake,3,0.989331222390937,0.9889618094245134
AUS,mod_uptake,4,0.9850409919561142,0.9845419261364646
AUS,mod_uptake,5,0.9803333821691609,0.9796940299302082
AUS,mod_uptake,6,0.9751503620246712,0.974368214484625
AUS,mod_uptake,7,0.9694313079493067,0.9684983046979821
AUS,mod_uptake,8,0.9631253771896651,0.962036418825861
AUS,mod_uptake,9,0.9562023782643098,0.9549483148296821
AUS,mod_uptake,10,0.9486221676957705,0.9471931234277516
AUS,mod_uptake,11,0.9403402473938115,0.9387208466235804
AUS,mod_uptake,12,0.9312970421757545,0.9294701425089344
AUS,mod_uptake,13,0.9214271544001689,0.9193774411049727
AUS,mod_uptake,14,0.9106926747805429,0.908401674396224
AUS,mod_uptake,15,0.8990675976832444,0.8965212058621228
AUT,max_uptake,1,0.9953942714293593,0.9951552430729868
AUT,max_uptake,2,0.9903565620861036,0.989860136743852
AUT,max_uptake,3,0.9848338629893999,0.9840854330435657
AUT,max_uptake,4,0.9787748804769002,0.9777737575735257
AUT,max_uptake,5,0.9722362593670765,0.9709616225196634
AUT,max_uptake,6,0.9651679494371939,0.9636109241553833
AUT,max_uptake,7,0.957472934898849,0.9556258417613993
AUT,max_uptake,8,0.9490871776069318,0.9469488717056738
AUT,max_uptake,9,0.9398700053343155,0.9374165688652109
AUT,max_uptake,10,0.9298718317263136,0.9270816281458437
AUT,max_uptake,11,0.9190092737263403,0.9158524601771599
AUT,max_uptake,12,0.9071736073302211,0.9036426542170973
AUT,max_uptake,13,0.894346953024129,0.8904227704899079
AUT,max_uptake,14,0.880425304846583,0.8760862778855415
AUT,max_uptake,15,0.8655564866051654,0.860761441753729
AUT,mod_uptake,1,0.9954635059641173,0.9952550690541889
AUT,mod_uptake,2,0.9905092021801947,0.9900697119646287
AUT,mod_uptake,3,0.985083169876112,0.9844207272634194
AUT,mod_uptake,4,0.9791044978164434,0.9782209760143694
AUT,mod_uptake,5,0.9726608677345302,0.971542215789729
AUT,mod_uptake,6,0.965692006653833,0.9643195110459609
AUT,mod_uptake,7,0.9581068748351792,0.9564647586598127
AUT,mod_uptake,8,0.9498373051281418,0.9479299192263806
AUT,mod_uptake,9,0.9407198087961451,0.9385323602664146
AUT,mod_uptake,10,0.9308539484952407,0.9283606793014871
AUT,mod_uptake,11,0.9201182611797194,0.9172811854186944
AUT,mod_uptake,12,0.9084532600792284,0.9052498656814534
AUT,mod_uptake,13,0.8957124908206139,0.8921553461164614
AUT,mod_uptake,14,0.8819397921891323,0.8779900217768226
AUT,mod_uptake,15,0.8671701678825131,0.8628388557519544
BEL,max_uptake,1,0.9952523973147027,0.995013854504138
BEL,max_uptake,2,0.9900044992646029,0.9895156928194924
BEL,max_uptake,3,0.9842460200849509,0.9835074688470773
BEL,max_uptake,4,0.9779394488014059,0.976940253512059
BEL,max_uptake,5,0.9711021409293465,0.9698205666145417
BEL,max_uptake,6,0.9636724692499755,0.9620935141496546
BEL,max_uptake,7,0.9555244751781858,0.953649726025912
BEL,max_uptake,8,0.9466364440163111,0.9444686295198785
BEL,max_uptake,9,0.9369637309673231,0.9344876315381044
BEL,max_uptake,10,0.9264869406558042,0.9236932027890951
BEL,max_uptake,11,0.9151722208584959,0.9120460605085143
BEL,max_uptake,12,0.9028941474291945,0.899420287162643
BEL,max_uptake,13,0.8896293343462457,0.8857912195274787
BEL,max_uptake,14,0.8753368347099976,0.871112103866341
BEL,max_uptake,15,0.8600425340903449,0.8554208497446304
BEL,mod_uptake,1,0.9953633483336822,0.9951592242160028
BEL,mod_uptake,2,0.9902287591531275,0.9898050492367997
BEL,mod_uptake,3,0.9846177566998523,0.983967772006353
BEL,mod_uptake,4,0.978467696303271,0.9775769346293227
BEL,mod_uptake,5,0.9717896632960973,0.9706429367353614
BEL,mod_uptake,6,0.9645426105134937,0.9631189997190771
BEL,mod_uptake,7,0.9565796608645252,0.954881541967318
BEL,mod_uptake,8,0.9479100856506153,0.9459281649455716
BEL,mod_uptake,9,0.9384756245577355,0.9361963808365069
BEL,mod_uptake,10,0.9282441023989186,0.9256489614963188
BEL,mod_uptake,11,0.9171818170562743,0.9142642105351105
BEL,mod_uptake,12,0.9051597812052778,0.9019048283027096
BEL,mod_uptake,13,0.8921816005812059,0.8885795585787277
BEL,mod_uptake,14,0.8781499072476004,0.8741971948467446
BEL,mod_uptake,15,0.8631341458909036,0.8587967344273237
BHR,max_uptake,1,0.9984016879219602,0.9983040155529198
BHR,max_uptake,2,0.9966497300254927,0.9964519179466858
BHR,max_uptake,3,0.9947285475562956,0.9944258420003127
BHR,max_uptake,4,0.9926402993421897,0.9922241375704491
BHR,max_uptake,5,0.9903539716167934,0.9898128024749419
BHR,max_uptake,6,0.9878323127217638,0.9871558420958882
BHR,max_uptake,7,0.985052988167512,0.984230468578026
BHR,max_uptake,8,0.9819885386598757,0.9810050379998552
BHR,max_uptake,9,0.9786381910468418,0.9774899063701045
BHR,max_uptake,10,0.9749704644820697,0.973644475026181
BHR,max_uptake,11,0.9709584660868293,0.969441657764144
BHR,max_uptake,12,0.9665358573395979,0.9648148175614548
BHR,max_uptake,13,0.9617027671672271,0.9597598394007337
BHR,max_uptake,14,0.9564301940662452,0.9542476059340738
BHR,max_uptake,15,0.9507013560213967,0.9482623735559627
BHR,mod_uptake,1,0.998402440341195,0.9983316356648205
BHR,mod_uptake,2,0.9966623323187052,0.9965135295131996
BHR,mod_uptake,3,0.9947501859799632,0.994518481781972
BHR,mod_uptake,4,0.9926776605121987,0.9923547332147238
BHR,mod_uptake,5,0.9903999718856309,0.9899774360620379
BHR,mod_uptake,6,0.9878957771630205,0.98736741394023
BHR,mod_uptake,7,0.9851254426127004,0.9844935865142426
BHR,mod_uptake,8,0.9820704966634362,0.9813243226746462
BHR,mod_uptake,9,0.978741830619399,0.9778710509514635
BHR,mod_uptake,10,0.9751101330316929,0.9741064166082067
BHR,mod_uptake,11,0.9711330593969979,0.9699849279982513
BHR,mod_uptake,12,0.9667382255977024,0.965441139286317
BHR,mod_uptake,13,0.9619356907925627,0.9604830996509142
BHR,mod_uptake,14,0.95668530596515,0.9550702139564312
BHR,mod_uptake,15,0.9509791830249295,0.949183680954961
BHS,max_uptake,1,0.9975859887239037,0.997466181973303
BHS,max_uptake,2,0.9949542682322805,0.9947102124251858
BHS,max_uptake,3,0.99207910658416,0.9917025868399492
BHS,max_uptake,4,0.988928024944488,0.988407794098795
BHS,max_uptake,5,0.9854772365152078,0.9848020682897094
BHS,max_uptake,6,0.9817071853357399,0.9808630982494739
BHS,max_uptake,7,0.9775791874318589,0.9765550965929483
BHS,max_uptake,8,0.9730629052760359,0.9718444318258413
BHS,max_uptake,9,0.9681121347057676,0.9666852598927509
BHS,max_uptake,10,0.9627033466560222,0.9610504671237527
BHS,max_uptake,11,0.9568042833515276,0.9549094048230656
BHS,max_uptake,12,0.9503816717432796,0.9482285842370755
BHS,max_uptake,13,0.9433897810979153,0.9409668114636118
BHS,max_uptake,14,0.9358015683619232,0.933092002042224
BHS,max_uptake,15,0.9276016690957394,0.9245874585245419
BHS,mod_uptake,1,0.9974859103339628,0.9973783984399991
BHS,mod_uptake,2,0.9947499805175184,0.9945298096013291
BHS,mod_uptake,3,0.9917616485472992,0.9914221726925473
BHS,mod_uptake,4,0.9884875086742093,0.9880198886093271
BHS,mod_uptake,5,0.9849056230014323,0.9842972355781665
BHS,mod_uptake,6,0.9809967648299337,0.9802325931583872
BHS,mod_uptake,7,0.9767229890628023,0.9757922308880876
BHS,mod_uptake,8,0.972049971909355,0.9709385364399454
BHS,mod_uptake,9,0.9669281227857134,0.9656238111531495
BHS,mod_uptake,10,0.9613342755255331,0.9598209520166506
BHS,mod_uptake,11,0.9552427410266283,0.9535095310229995
BHS,mod_uptake,12,0.948608094945629,0.9466486203335006
BHS,mod_uptake,13,0.9413958343030827,0.939205684451655
BHS,mod_uptake,14,0.9335718759223933,0.9311398944144692
BHS,mod_uptake,15,0.925116695555113,0.9224363986596777
BMU,max_uptake,1,0.995186675867713,0.9950298467029398
BMU,max_uptake,2,0.9899859906772099,0.9896457385439538
BMU,max_uptake,3,0.9843671914174068,0.9838234108190401
BMU,max_uptake,4,0.9782564997675646,0.9775118560225803
BMU,max_uptake,5,0.9717188374157878,0.9707750339821073
BMU,max_uptake,6,0.9646877768991952,0.9635480637938104
BMU,max_uptake,7,0.9570152558367928,0.9556694486863854
BMU,max_uptake,8,0.9487789800923049,0.9472281677348516
BMU,max_uptake,9,0.939888562482396,0.9381387613125903
BMU,max_uptake,10,0.9304160416276096,0.9284415122311503
BMU,max_uptake,11,0.9201375721753028,0.9179421457468988
BMU,max_uptake,12,0.9090199480879506,0.9065994132382393
BMU,max_uptake,13,0.8969652293023674,0.894307670777546
BMU,max_uptake,14,0.8842378940143977,0.881330790689177
BMU,max_uptake,15,0.8706776709470909,0.8675507517471293
BMU,mod_uptake,1,0.9952543864346299,0.9951503363437486
BMU,mod_uptake,2,0.9901002826036126,0.9898928797568518
BMU,mod_uptake,3,0.9845147122631414,0.9841883460960911
BMU,mod_uptake,4,0.9784746336353305,0.9780166005744247
BMU,mod_uptake,5,0.9720116237914824,0.9714217752259215
BMU,mod_uptake,6,0.9650813786575118,0.964352904433742
BMU,mod_uptake,7,0.9575266641622868,0.9566699808750264
BMU,mod_uptake,8,0.9493749229232662,0.948420196494336
BMU,mod_uptake,9,0.9405771202247203,0.9394992892578077
BMU,mod_uptake,10,0.9312069805523486,0.9300121249337983
BMU,mod_uptake,11,0.9210328357504213,0.9197172848221925
BMU,mod_uptake,12,0.9101459885992567,0.908705953931615
BMU,mod_uptake,13,0.8983289860385391,0.8967283472847961
BMU,mod_uptake,14,0.8858373252907353,0.8840644131967416
BMU,mod_uptake,15,0.8725839212520691,0.8706431899591578
BRB,max_uptake,1,0.9969433903699739,0.9967386446841612
BRB,max_uptake,2,0.9935982472328915,0.9931758988178979
BRB,max_uptake,3,0.9899412560883137,0.9892887430414432
BRB,max_uptake,4,0.9859231832012317,0.9850249056323532
BRB,max_uptake,5,0.9815282736751093,0.980363921930613
BRB,max_uptake,6,0.9767052659275888,0.9752498228616117
BRB,max_uptake,7,0.9714173430974368,0.9696513014340882
BRB,max_uptake,8,0.9656295169163662,0.9635280002718625
BRB,max_uptake,9,0.959285435255703,0.9568197415940066
BRB,max_uptake,10,0.9523445421695338,0.9494816313561959
BRB,max_uptake,11,0.9447596353361917,0.9414680160192469
BRB,max_uptake,12,0.9364974488761241,0.9327422454519111
BRB,max_uptake,13,0.9275032761152794,0.9232556403925882
BRB,max_uptake,14,0.9177424687436239,0.9129639402900898
BRB,max_uptake,15,0.9072133277001725,0.9018664398239836
BRB,mod_uptake,1,0.9970388907627344,0.996854667042431
BRB,mod_uptake,2,0.9938034566617867,0.993423228980554
BRB,mod_uptake,3,0.990265435365648,0.9896757005825173
BRB,mod_uptake,4,0.986375461518297,0.9855660007385729
BRB,mod_uptake,5,0.9821205576022995,0.9810754970395025
BRB,mod_uptake,6,0.9774638017472888,0.9761602374905226
BRB,mod_uptake,7,0.9723523674634638,0.9707764414426656
BRB,mod_uptake,8,0.966749579041944,0.9648809146869926
BRB,mod_uptake,9,0.9605887361293187,0.9584147504422351
BRB,mod_uptake,10,0.9538453365847249,0.9513458362435363
BRB,mod_uptake,11,0.946466299067553,0.9436192343108022
BRB,mod_uptake,12,0.9384046859571855,0.9351930460867287
BRB,mod_uptake,13,0.9296170221713677,0.9260188732497243
BRB,mod_uptake,14,0.920038557346653,0.9160289531600625
BRB,mod_uptake,15,0.9096725070725536,0.905229855200071
BRN,max_uptake,1,0.9979168525198344,0.9977894210412823
BRN,max_uptake,2,0.995652020329089,0.9953858807405117
BRN,max_uptake,3,0.9931877618176685,0.992772338497332
BRN,max_uptake,4,0.9904920506126049,0.9899139209031302
BRN,max_uptake,5,0.9875547823977433,0.9867967173644786
BRN,max_uptake,6,0.9843513630815303,0.9833997542875369
BRN,max_uptake,7,0.9808614886038981,0.9797012099753221
BRN,max_uptake,8,0.9770534437552707,0.9756671211745159
BRN,max_uptake,9,0.9728762983090574,0.9712491362276287
BRN,max_uptake,10,0.968313226094461,0.9664269199910257
BRN,max_uptake,11,0.9633376735924184,0.9611701474484804
BRN,max_uptake,12,0.9579321955083119,0.9554637934373331
BRN,max_uptake,13,0.9520571153707006,0.949267187887353
BRN,max_uptake,14,0.9456739718548931,0.9425377823068413
BRN,max_uptake,15,0.9387612462025564,0.9352584090138939
BRN,mod_uptake,1,0.9979795688072999,0.9978842741662525
BRN,mod_uptake,2,0.9957857128240262,0.9955849625056077
BRN,mod_uptake,3,0.9933944788223398,0.9930846017417325
BRN,mod_uptake,4,0.9907792268197635,0.9903459634993473
BRN,mod_uptake,5,0.9879130486767879,0.9873524773063712
BRN,mod_uptake,6,0.9847926950759822,0.9840935099143734
BRN,mod_uptake,7,0.9813882166292455,0.9805404289726513
BRN,mod_uptake,8,0.9776701780679261,0.9766599958025856
BRN,mod_uptake,9,0.9735847070882421,0.9724095784917888
BRN,mod_uptake,10,0.9691264684760829,0.9677674728265202
BRN,mod_uptake,11,0.9642584693553525,0.9626967099251105
BRN,mod_uptake,12,0.9589671599297283,0.9571910717416436
BRN,mod_uptake,13,0.9532052889257857,0.9511952776167086
BRN,mod_uptake,14,0.9469213579033688,0.9446670515353323
BRN,mod_uptake,15,0.940122643051876,0.9375996510277741
CAN,max_uptake,1,0.9957541775882008,0.9955174429604456
CAN,max_uptake,2,0.9911041854654967,0.9906293975340194
CAN,max_uptake,3,0.9860238388647625,0.9853005689286206
CAN,max_uptake,4,0.9804877907278376,0.9794997833635196
CAN,max_uptake,5,0.9744755230380424,0.9732120550763559
CAN,max_uptake,6,0.9679518474393164,0.9663875749749925
CAN,max_uptake,7,0.9608457249649276,0.9589656213032246
CAN,max_uptake,8,0.9531314876469797,0.9509209152052223
CAN,max_uptake,9,0.9447865482269029,0.942223799109781
CAN,max_uptake,10,0.9357751390144718,0.9328453305878406
CAN,max_uptake,11,0.9260352580496604,0.9227242269089094
CAN,max_uptake,12,0.9154915593878088,0.9117798095356398
CAN,max_uptake,13,0.9041324448859352,0.9000031482431821
CAN,max_uptake,14,0.8919012969203604,0.8873478775967996
CAN,max_uptake,15,0.8788399108458167,0.8738483196989357
CAN,mod_uptake,1,0.9958003564974139,0.9955680221334449
CAN,mod_uptake,2,0.9912061441044563,0.9907342392504794
CAN,mod_uptake,3,0.9861900818188062,0.9854646233263765
CAN,mod_uptake,4,0.9807103486024339,0.979729929476893
CAN,mod_uptake,5,0.9747620811732141,0.9735097117401819
CAN,mod_uptake,6,0.9683013811414503,0.9667523014105501
CAN,mod_uptake,7,0.9612866243668816,0.9594216987466844
CAN,mod_uptake,8,0.9536461489985636,0.9514570319869186
CAN,mod_uptake,9,0.9453723765672623,0.9428383570051139
CAN,mod_uptake,10,0.9364260623592187,0.9335332772925653
CAN,mod_uptake,11,0.9267762533220995,0.923500630507232
CAN,mod_uptake,12,0.9163574983807352,0.9126665369128407
CAN,mod_uptake,13,0.9050941894244973,0.900976159380919
CAN,mod_uptake,14,0.8929848629521616,0.8884144052878981
CAN,mod_uptake,15,0.8800828780255004,0.8750276569401558
CHE,max_uptake,1,0.9963871448331862,0.9963298870177141
CHE,max_uptake,2,0.9923828607238386,0.9922668802119261
CHE,max_uptake,3,0.9879654703803707,0.9877986145949634
CHE,max_uptake,4,0.9830469962589576,0.9828414364953811
CHE,max_uptake,5,0.9776484816118036,0.97739649822286
CHE,max_uptake,6,0.9717224908281297,0.9714257433525745
CHE,max_uptake,7,0.9651532478503183,0.9648238475444993
CHE,max_uptake,8,0.9579340028631618,0.9575608330743023
CHE,max_uptake,9,0.949955555773981,0.9495437089602689
CHE,max_uptake,10,0.9412037953971969,0.9407684299933732
CHE,max_uptake,11,0.9316054014637809,0.9311276396776984
CHE,max_uptake,12,0.9210202143572497,0.9205045650129672
CHE,max_uptake,13,0.9094376169278887,0.9089000201592916
CHE,max_uptake,14,0.8967975834629858,0.8962480798282563
CHE,max_uptake,15,0.8830765640625305,0.8825478763521997
CHE,mod_uptake,1,0.9965162058797821,0.9961855451148421
CHE,mod_uptake,2,0.9926635194316207,0.9919816898691944
CHE,mod_uptake,3,0.9884149406625772,0.9873542894896891
CHE,mod_uptake,4,0.9836902337806089,0.9822219970939655
CHE,mod_uptake,5,0.9785029588557088,0.9765933973872775
CHE,mod_uptake,6,0.9727885138599729,0.9704065913827804
CHE,mod_uptake,7,0.9664758219482005,0.9635894058806999
CHE,mod_uptake,8,0.9595123628096794,0.9560729430404993
CHE,mod_uptake,9,0.9518006529131452,0.9477596308757921
CHE,mod_uptake,10,0.9433714094623379,0.9386935695239748
CHE,mod_uptake,11,0.9340883131570258,0.9287165621911481
CHE,mod_uptake,12,0.9238309195928944,0.9177232588909807
CHE,mod_uptake,13,0.9126872245348844,0.9057887746292177
CHE,mod_uptake,14,0.9005104569101715,0.8927622014550926
CHE,mod_uptake,15,0.8872872303092226,0.878650711352612
CHL,max_uptake,1,0.9958842213387321,0.9957580763521487
CHL,max_uptake,2,0.9914003333058015,0.9911461007237362
CHL,max_uptake,3,0.9865071707473287,0.9861267769839203
CHL,max_uptake,4,0.981202295270192,0.9806995250609793
CHL,max_uptake,5,0.9754970300879896,0.9748643442828345
CHL,max_uptake,6,0.9693393884634613,0.9685803648436606
CHL,max_uptake,7,0.9626545813444842,0.9617654617770477
CHL,max_uptake,8,0.9554105280334231,0.9543927062605344
CHL,max_uptake,9,0.9475891102521532,0.946444564936147
CHL,max_uptake,10,0.9392251610036255,0.9379523208368818
CHL,max_uptake,11,0.9302810095121885,0.9288805975374497
CHL,max_uptake,12,0.9207020307386576,0.9191712381560126
CHL,max_uptake,13,0.9104389536296128,0.9087938142592479
CHL,max_uptake,14,0.8994871347730332,0.8977223874706918
CHL,max_uptake,15,0.8878547778498973,0.8859681740328145
CHL,mod_uptake,1,0.9959310559284165,0.9958773932001799
CHL,mod_uptake,2,0.9915003866959127,0.9913924267373564
CHL,mod_uptake,3,0.9866645792483357,0.9865144509909184
CHL,mod_uptake,4,0.9814237387307007,0.9812378909072207
CHL,mod_uptake,5,0.975781122231038,0.9755611327516228
CHL,mod_uptake,6,0.9697038455693362,0.9694566166117948
CHL,mod_uptake,7,0.9631126570115854,0.9628435410709962
CHL,mod_uptake,8,0.9559754307281617,0.9556918102011714
CHL,mod_uptake,9,0.9482559165623646,0.9479698593999664
CHL,mod_uptake,10,0.940003150961643,0.9397195987750427
CHL,mod_uptake,11,0.9311804795251287,0.9308952972444439
CHL,mod_uptake,12,0.9217233465260808,0.9214603465714332
CHL,mod_uptake,13,0.9115742887808356,0.9113642584217905
CHL,mod_uptake,14,0.90074163042017,0.9005904415134067
CHL,mod_uptake,15,0.8892537592156335,0.8891577025692097
CYP,max_uptake,1,0.9964676927530342,0.9963219430420786
CYP,max_uptake,2,0.9925526446609483,0.9922579330689822
CYP,max_uptake,3,0.9882162103392331,0.9877708436022006
CYP,max_uptake,4,0.9834604066960834,0.9828635497102531
CYP,max_uptake,5,0.9782572644134642,0.9774959845851788
CYP,max_uptake,6,0.9725382354195888,0.971597569576831
CYP,max_uptake,7,0.9662186142296587,0.965079403956436
CYP,max_uptake,8,0.9592637632705006,0.9579212721200914
CYP,max_uptake,9,0.9516278192436276,0.9500683122764291
CYP,max_uptake,10,0.943343618888078,0.9415367374146757
CYP,max_uptake,11,0.9343310741659137,0.9322443475611297
CYP,max_uptake,12,0.9245378831490375,0.922145609363026
CYP,max_uptake,13,0.913849396902574,0.9111385158207072
CYP,max_uptake,14,0.90226408297637,0.899223929331979
CYP,max_uptake,15,0.8898534972043691,0.88644708256723
CYP,mod_uptake,1,0.9965803395911655,0.9963268833466887
CYP,mod_uptake,2,0.9927958853993097,0.9922713226725635
CYP,mod_uptake,3,0.9885803685698445,0.9877742301190369
CYP,mod_uptake,4,0.9839710388437501,0.9828666746257164
CYP,mod_uptake,5,0.9789231515856228,0.9774938672760815
CYP,mod_uptake,6,0.9733841571674674,0.9715897462323068
CYP,mod_uptake,7,0.9672510618242139,0.9650601111098763
CYP,mod_uptake,8,0.9605050719954391,0.9578901615014708
CYP,mod_uptake,9,0.9530768755957358,0.950017487575702
CYP,mod_uptake,10,0.9450210958392612,0.9414655643185132
CYP,mod_uptake,11,0.9362440111643039,0.9321523442734012
CYP,mod_uptake,12,0.9267171126752669,0.9220338572425014
CYP,mod_uptake,13,0.9162861827426945,0.9109825430165158
CYP,mod_uptake,14,0.905007701975381,0.8990152809046313
CYP,mod_uptake,15,0.8928946158739733,0.8861735468267719
CZE,max_uptake,1,0.9910952137321846,0.9908090353365578
CZE,max_uptake,2,0.9813181057939924,0.9807635651457298
CZE,max_uptake,3,0.970664975041993,0.9698426153662354
CZE,max_uptake,4,0.9591235170996312,0.9580315265361169
CZE,max_uptake,5,0.9467323341797574,0.9453686244235463
CZE,max_uptake,6,0.9334901111214156,0.9318401079923563
CZE,max_uptake,7,0.919313555066893,0.9173773744567649
CZE,max_uptake,8,0.9041726390363314,0.9019642444010313
CZE,max_uptake,9,0.8880204545119048,0.8855505676369482
CZE,max_uptake,10,0.8709527604359529,0.8681955959151543
CZE,max_uptake,11,0.8529544091022466,0.8498956697698076
CZE,max_uptake,12,0.8339989992158151,0.8306344357083906
CZE,max_uptake,13,0.8141223933390153,0.8104357449130631
CZE,max_uptake,14,0.7933053905024493,0.7892921823016289
CZE,max_uptake,15,0.771685542086126,0.7673524992096022
CZE,mod_uptake,1,0.9909956086206092,0.9906349786986156
CZE,mod_uptake,2,0.9811395066345538,0.9804219725121196
CZE,mod_uptake,3,0.9703835958716973,0.9692993929604391
CZE,mod_uptake,4,0.958713911091406,0.9572586176267245
CZE,mod_uptake,5,0.9462073668893165,0.9443707145421326
CZE,mod_uptake,6,0.9328342029377621,0.9306029896504717
CZE,mod_uptake,7,0.9185266614436626,0.9158914569479817
CZE,mod_uptake,8,0.903255640237818,0.9002238204733386
CZE,mod_uptake,9,0.886977746526505,0.8835524815940576
CZE,mod_uptake,10,0.8698003173889077,0.8659606492900948
CZE,mod_uptake,11,0.8516863923358539,0.8474102687340385
CZE,mod_uptake,12,0.8326093820687791,0.8278960170863561
CZE,mod_uptake,13,0.8126097866659611,0.8074756647539444
CZE,mod_uptake,14,0.7916845169661877,0.7861343963062117
CZE,mod_uptake,15,0.7699715730412097,0.7639938718244279
DEU,max_uptake,1,0.9941372134611198,0.9939645999007425
DEU,max_uptake,2,0.9876966380264413,0.9873532162147473
DEU,max_uptake,3,0.9806716539860277,0.9801560328091853
DEU,max_uptake,4,0.9730574297171459,0.9723650929135931
DEU,max_uptake,5,0.9648238373255843,0.9639494065815456
DEU,max_uptake,6,0.9558844106418598,0.9548267304406882
DEU,max_uptake,7,0.9461447551344561,0.944908637807059
DEU,max_uptake,8,0.9355749228691401,0.9341657550870389
DEU,max_uptake,9,0.9241410959350128,0.9225493398114137
DEU,max_uptake,10,0.9117969908477848,0.9100088449897409
DEU,max_uptake,11,0.898453408989038,0.8964621734768501
DEU,max_uptake,12,0.884002303256096,0.8817986197004912
DEU,max_uptake,13,0.8684492354704623,0.8660121449905929
DEU,max_uptake,14,0.8517339369401432,0.8490865552441873
DEU,max_uptake,15,0.8339476143341769,0.8310739215080982
DEU,mod_uptake,1,0.9940334377687239,0.9938424578555248
DEU,mod_uptake,2,0.9875008874393273,0.9871090772012168
DEU,mod_uptake,3,0.980378042936726,0.9797841985909622
DEU,mod_uptake,4,0.9726517707335702,0.9718459507939545
DEU,mod_uptake,5,0.9643085221870102,0.9632869650633924
DEU,mod_uptake,6,0.9552747041347089,0.9540211796680516
DEU,mod_uptake,7,0.9454569268218668,0.9439530216368931
DEU,mod_uptake,8,0.9347860742580794,0.9330432409983865
DEU,mod_uptake,9,0.9232446685282186,0.9212411021988643
DEU,mod_uptake,10,0.9107766891866887,0.9085269077498119
DEU,mod_uptake,11,0.8973385480103281,0.8947984297890854
DEU,mod_uptake,12,0.8827727297021465,0.8799499960856157
DEU,mod_uptake,13,0.8670543620336374,0.8639588026241922
DEU,mod_uptake,14,0.8501886179079313,0.8468183138254014
DEU,mod_uptake,15,0.8322582101717062,0.8286074547911285
DNK,max_uptake,1,0.995175274494014,0.995005857743806
DNK,max_uptake,2,0.9898330400102912,0.989498169649245
DNK,max_uptake,3,0.983935186840289,0.9834254122249212
DNK,max_uptake,4,0.9774238697930189,0.97674563949448
DNK,max_uptake,5,0.9703333103801847,0.9694965809812723
DNK,max_uptake,6,0.9625723103834097,0.9615666333183831
DNK,max_uptake,7,0.9541091605075106,0.9529327092994814
DNK,max_uptake,8,0.9448474400352048,0.9435004732737984
DNK,max_uptake,9,0.9347871331018813,0.9332629422999653
DNK,max_uptake,10,0.9239050338110179,0.9222001782978667
DNK,max_uptake,11,0.9121640513385499,0.9102932203819476
DNK,max_uptake,12,0.8995564950000852,0.8975136417456347
DNK,max_uptake,13,0.885974171056299,0.8837416012748031
DNK,max_uptake,14,0.8713726920643909,0.868972606468923
DNK,max_uptake,15,0.8557466386444812,0.8531826850936121
DNK,mod_uptake,1,0.9951903600310701,0.9949256271234085
DNK,mod_uptake,2,0.9898890322007504,0.9893438547983409
DNK,mod_uptake,3,0.9840047332122549,0.9831853644592152
DNK,mod_uptake,4,0.9775362068428968,0.9764052445081125
DNK,mod_uptake,5,0.970482843219179,0.9690298295029043
DNK,mod_uptake,6,0.962765712186967,0.9609758500815898
DNK,mod_uptake,7,0.954336113715288,0.9521879846572483
DNK,mod_uptake,8,0.9451104709555419,0.9425721887627492
DNK,mod_uptake,9,0.9351019644472511,0.9321638582772018
DNK,mod_uptake,10,0.9242819037687322,0.9209052798829344
DNK,mod_uptake,11,0.9126631648222208,0.9087972425229001
DNK,mod_uptake,12,0.9001213822613638,0.8957995803825308
DNK,mod_uptake,13,0.8866252011804039,0.8818052480788282
DNK,mod_uptake,14,0.8720723884193925,0.8667350322978593
DNK,mod_uptake,15,0.8565267289572938,0.8506546172477347
ESP,max_uptake,1,0.9952591891819783,0.9951507414559677
ESP,max_uptake,2,0.9900482470337333,0.9898395014951975
ESP,max_uptake,3,0.9843253312632099,0.9840234607698157
ESP,max_uptake,4,0.9780353307853881,0.9776450098463889
ESP,max_uptake,5,0.9711635885287286,0.9706836643317646
ESP,max_uptake,6,0.9636681441394436,0.9630958246131803
ESP,max_uptake,7,0.9554523568129575,0.9547973679695881
ESP,max_uptake,8,0.9464838419298945,0.9457395176710711
ESP,max_uptake,9,0.9366462484237713,0.9358122982987687
ESP,max_uptake,10,0.9259321197812628,0.925002255701972
ESP,max_uptake,11,0.9143184101877236,0.9132762402859964
ESP,max_uptake,12,0.9017334562325138,0.900573212401967
ESP,max_uptake,13,0.888095291788651,0.8868180876859654
ESP,max_uptake,14,0.8733268446970252,0.8719332731574212
ESP,max_uptake,15,0.8574401529511604,0.8559212713428401
ESP,mod_uptake,1,0.9952057119493414,0.9950408224217556
ESP,mod_uptake,2,0.9899271343801769,0.9896018335906677
ESP,mod_uptake,3,0.9841077861666272,0.9836390818607702
ESP,mod_uptake,4,0.977708487094826,0.9770949720102792
ESP,mod_uptake,5,0.9707308626200811,0.969961208172367
ESP,mod_uptake,6,0.9631355370037096,0.9621892395252406
ESP,mod_uptake,7,0.9548283099006961,0.9537006156290067
ESP,mod_uptake,8,0.9457639231013252,0.9444311574449467
ESP,mod_uptake,9,0.9358025551256247,0.9342735845689836
ESP,mod_uptake,10,0.9249676826927631,0.923222154097998
ESP,mod_uptake,11,0.9132325594971191,0.9112414486260766
ESP,mod_uptake,12,0.9005333544590627,0.8982588298255028
ESP,mod_uptake,13,0.8868140006878948,0.8842142820619766
ESP,mod_uptake,14,0.8719808800895068,0.8690225749744186
ESP,mod_uptake,15,0.8560785344873123,0.8527249174638898
EST,max_uptake,1,0.992627824809496,0.9924216776950779
EST,max_uptake,2,0.9846391415031688,0.9842554659832556
EST,max_uptake,3,0.9760198757704336,0.9754706472320106
EST,max_uptake,4,0.9666702579767107,0.9659389054386507
EST,max_uptake,5,0.9566225670086931,0.955698845108356
EST,max_uptake,6,0.9458559569662945,0.9447028448959021
EST,max_uptake,7,0.934279892910051,0.9328925698486621
EST,max_uptake,8,0.9219925932126077,0.9203451946424437
EST,max_uptake,9,0.908789946786045,0.9068519316182047
EST,max_uptake,10,0.8946956888011512,0.8924496807533369
EST,max_uptake,11,0.8796689585038098,0.8771003445960202
EST,max_uptake,12,0.8635903343879284,0.8606981981326712
EST,max_uptake,13,0.8464881042298995,0.843254842134338
EST,max_uptake,14,0.8282729959950947,0.8247189043554884
EST,max_uptake,15,0.8091384138877848,0.8051853942968588
EST,mod_uptake,1,0.9928882866063128,0.9926189923724299
EST,mod_uptake,2,0.9851433158550585,0.9846396741088163
EST,mod_uptake,3,0.9768329649391368,0.9760895825389351
EST,mod_uptake,4,0.9677332557149566,0.9667507286580083
EST,mod_uptake,5,0.9579871801003875,0.9567302790404119
EST,mod_uptake,6,0.9475064160302704,0.94595257277515
EST,mod_uptake,7,0.9362729568414888,0.934380951328224
EST,mod_uptake,8,0.9242887519501055,0.922075095588556
EST,mod_uptake,9,0.9114474313548426,0.9088728780888612
EST,mod_uptake,10,0.8976583980347389,0.8947199405704126
EST,mod_uptake,11,0.8829767643075099,0.8796321622989183
EST,mod_uptake,12,0.8672566805001662,0.8634930835686354
EST,mod_uptake,13,0.8505323577214042,0.8463288894185406
EST,mod_uptake,14,0.8327099417271776,0.8280163627390553
EST,mod_uptake,15,0.813934151279415,0.8087497261674605
FIN,max_uptake,1,0.9951180249666595,0.9949910828407118
FIN,max_uptake,2,0.9897594524926128,0.9895017133465006
FIN,max_uptake,3,0.9838441497831385,0.9834552754698864
FIN,max_uptake,4,0.9773267530182295,0.9768080472365539
FIN,max_uptake,5,0.9701937334710292,0.9695295180233706
FIN,max_uptake,6,0.9624322714663704,0.9616201163247939
FIN,max_uptake,7,0.9539034267221068,0.952943748618194
FIN,max_uptake,8,0.944567731621449,0.9434539801556202
FIN,max_uptake,9,0.9343482269447064,0.9330807086878976
FIN,max_uptake,10,0.9232851167116092,0.9218423769568843
FIN,max_uptake,11,0.9113111555123286,0.9096811268247308
FIN,max_uptake,12,0.8983321173614115,0.8965103349350185
FIN,max_uptake,13,0.8843332859438732,0.8823047180484429
FIN,max_uptake,14,0.8692738622573267,0.8670407557383225
FIN,max_uptake,15,0.8532292933862112,0.850769269229706
FIN,mod_uptake,1,0.9951361377048497,0.9948124734362408
FIN,mod_uptake,2,0.989788308763163,0.9891192282663963
FIN,mod_uptake,3,0.983895217509287,0.9828537615461367
FIN,mod_uptake,4,0.9774133133503948,0.9759732894042746
FIN,mod_uptake,5,0.9703367753818521,0.9684628424036598
FIN,mod_uptake,6,0.9626585897558566,0.9603139370789141
FIN,mod_uptake,7,0.9542248728527482,0.9513957925995596
FIN,mod_uptake,8,0.9449628318399232,0.9416224274683626
FIN,mod_uptake,9,0.934865912422642,0.9310020891707972
FIN,mod_uptake,10,0.9239130933248878,0.9194682585408394
FIN,mod_uptake,11,0.9121160834979247,0.9070308814869549
FIN,mod_uptake,12,0.8993014328186392,0.8935568996070736
FIN,mod_uptake,13,0.8854828742320492,0.8790655074564635
FIN,mod_uptake,14,0.8706301653912851,0.8635100917249973
FIN,mod_uptake,15,0.8548146090105482,0.8469347138921725
FRA,max_uptake,1,0.9947705094798504,0.9945957195356242
FRA,max_uptake,2,0.989115706004261,0.9887587571715468
FRA,max_uptake,3,0.9829616381159615,0.9824365396970064
FRA,max_uptake,4,0.9763063827090053,0.9756076720801536
FRA,max_uptake,5,0.9691450296702141,0.9682681652814263
FRA,max_uptake,6,0.9614390301674475,0.9603838836735947
FRA,max_uptake,7,0.9530879413360187,0.9518548428134188
FRA,max_uptake,8,0.9440401136626865,0.9426241520025832
FRA,max_uptake,9,0.9342542649398347,0.9326405192427342
FRA,max_uptake,10,0.9237068969063471,0.9218843444072212
FRA,max_uptake,11,0.9123473820167753,0.9103001233272707
FRA,max_uptake,12,0.9000672708425146,0.8977956977122412
FRA,max_uptake,13,0.8868190237204779,0.8843107179959769
FRA,max_uptake,14,0.8725363776880539,0.8697832903189149
FRA,max_uptake,15,0.8572200014391534,0.8542052455193406
FRA,mod_uptake,1,0.9946520647866692,0.9946296485720586
FRA,mod_uptake,2,0.9888876643903816,0.9888444615331844
FRA,mod_uptake,3,0.982603520679557,0.9825537571763729
FRA,mod_uptake,4,0.9757946002453632,0.9757477858113955
FRA,mod_uptake,5,0.9684613047256858,0.9684257327190399
FRA,mod_uptake,6,0.9605886919242406,0.9605566832598759
FRA,mod_uptake,7,0.952044486198867,0.9520311813059569
FRA,mod_uptake,8,0.9428190153637563,0.9428053844036127
FRA,mod_uptake,9,0.9328216320414232,0.932802245541853
FRA,mod_uptake,10,0.922065881729917,0.9220382757441408
FRA,mod_uptake,11,0.9104860896816614,0.9104470993196961
FRA,mod_uptake,12,0.8979702213197563,0.89792696693581
FRA,mod_uptake,13,0.8844632236833723,0.8844169827614227
FRA,mod_uptake,14,0.8699071002265447,0.869859345409752
FRA,mod_uptake,15,0.8543005868447857,0.8542536761614867
GBR,max_uptake,1,0.9952764196799088,0.9951428656978605
GBR,max_uptake,2,0.9900888516895926,0.9898192424627358
GBR,max_uptake,3,0.9844038912158465,0.9840081050427925
GBR,max_uptake,4,0.9781951450066838,0.9776710828754405
GBR,max_uptake,5,0.9714426439680925,0.9707814962510551
GBR,max_uptake,6,0.9640791183863568,0.9632802194185947
GBR,max_uptake,7,0.9560426178159637,0.9551143258560129
GBR,max_uptake,8,0.9473308176622922,0.9462700578180799
GBR,max_uptake,9,0.9379094601799114,0.9367245385554397
GBR,max_uptake,10,0.9277539440911521,0.9264460959219467
GBR,max_uptake,11,0.9167826954914223,0.9153504811743748
GBR,max_uptake,12,0.9049141072697529,0.9033673007999911
GBR,max_uptake,13,0.8921801718682301,0.890530559107082
GBR,max_uptake,14,0.8786040412232737,0.8768568534250061
GBR,max_uptake,15,0.8641897296097331,0.8623464457792481
GBR,mod_uptake,1,0.9953403118560374,0.9951481949687726
GBR,mod_uptake,2,0.9902243993111534,0.9898407592580607
GBR,mod_uptake,3,0.9846166319959909,0.9840386727920086
GBR,mod_uptake,4,0.9785000174436652,0.9777162744185116
GBR,mod_uptake,5,0.9718333667570839,0.9708418691256128
GBR,mod_uptake,6,0.9645695428238558,0.9633642230671109
GBR,mod_uptake,7,0.9566124855600382,0.9552012348509384
GBR,mod_uptake,8,0.9479620073369358,0.946358147967284
GBR,mod_uptake,9,0.9386161001827725,0.9368148024800075
GBR,mod_uptake,10,0.9285392488070048,0.9265345850265586
GBR,mod_uptake,11,0.9176356669008474,0.9154266849463942
GBR,mod_uptake,12,0.9058378784517088,0.9034255471255784
GBR,mod_uptake,13,0.8931957167881412,0.890588101984937
GBR,mod_uptake,14,0.8797132669757941,0.8769129598337716
GBR,mod_uptake,15,0.8653783192424899,0.862388113167857
GRC,max_uptake,1,0.9949857314978602,0.9948428188495128
GRC,max_uptake,2,0.989574192908827,0.9892932592805563
GRC,max_uptake,3,0.9837302299388724,0.9833070597013492
GRC,max_uptake,4,0.9773111818756856,0.9767369424146224
GRC,max_uptake,5,0.9702170719669578,0.9694910799444748
GRC,max_uptake,6,0.9624709492557995,0.961564004786056
GRC,max_uptake,7,0.9540033828914943,0.9529155338970383
GRC,max_uptake,8,0.9447829742917426,0.9435039783306133
GRC,max_uptake,9,0.9346459179475739,0.9331702617202338
GRC,max_uptake,10,0.9235109014405906,0.9217980707924247
GRC,max_uptake,11,0.911276133186964,0.909286479353932
GRC,max_uptake,12,0.8979195348526829,0.895634983852275
GRC,max_uptake,13,0.8835203196017045,0.8809205364916562
GRC,max_uptake,14,0.8679973746214342,0.8650653164120682
GRC,max_uptake,15,0.8513250174350405,0.8480159777032089
GRC,mod_uptake,1,0.9948966003952131,0.9948247820116353
GRC,mod_uptake,2,0.9894074933417135,0.9892646664671286
GRC,mod_uptake,3,0.9834536401880449,0.983249669381335
GRC,mod_uptake,4,0.9769271753964822,0.9766469925272466
GRC,mod_uptake,5,0.9697276198965974,0.9693522783657597
GRC,mod_uptake,6,0.9618384233659178,0.9613663847997072
GRC,mod_uptake,7,0.953192101883565,0.9526511805144212
GRC,mod_uptake,8,0.9437981255353123,0.9431813331397653
GRC,mod_uptake,9,0.9334967872260967,0.932796950681034
GRC,mod_uptake,10,0.9221314401167007,0.9213355136345818
GRC,mod_uptake,11,0.9096206866084592,0.9087188392873321
GRC,mod_uptake,12,0.8959508850218436,0.8949459015773323
GRC,mod_uptake,13,0.8811577297738852,0.8800731977550856
GRC,mod_uptake,14,0.8652189304455196,0.8640501012606886
GRC,mod_uptake,15,0.8481350401651516,0.8468518698063461
GRL,max_uptake,1,0.9956107947501303,0.9954100582918722
GRL,max_uptake,2,0.9908777477162437,0.9904734742245457
GRL,max_uptake,3,0.9857871470217542,0.9851639024899933
GRL,max_uptake,4,0.980262087369173,0.9794153157148862
GRL,max_uptake,5,0.9743072348723629,0.9732270882056582
GRL,max_uptake,6,0.9679108273840465,0.966614354373608
GRL,max_uptake,7,0.9610245851316418,0.9594703693662907
GRL,max_uptake,8,0.9536937233871946,0.9518802361635724
GRL,max_uptake,9,0.9458109131150374,0.9437424420684835
GRL,max_uptake,10,0.9373465443968094,0.9350072096482475
GRL,max_uptake,11,0.9281554223094963,0.9255323402573755
GRL,max_uptake,12,0.9182096166872046,0.9153412271957264
GRL,max_uptake,13,0.9077236394576099,0.9045479287264847
GRL,max_uptake,14,0.8964614102518919,0.893024929153056
GRL,max_uptake,15,0.8845093491173537,0.880745643878626
GRL,mod_uptake,1,0.9956320767275902,0.9954338698296714
GRL,mod_uptake,2,0.9909594524925937,0.9905544917039684
GRL,mod_uptake,3,0.985876450696471,0.985282520858385
GRL,mod_uptake,4,0.9804049398891248,0.9795790026002659
GRL,mod_uptake,5,0.9745007024454307,0.9734506812597452
GRL,mod_uptake,6,0.9681710538412688,0.9668763505932888
GRL,mod_uptake,7,0.9613320845514545,0.959777632003901
GRL,mod_uptake,8,0.9540711703595469,0.9522744518628762
GRL,mod_uptake,9,0.9463071189018635,0.9442126276223229
GRL,mod_uptake,10,0.9378826650794535,0.9355458457214957
GRL,mod_uptake,11,0.9287810841050219,0.9261715604184378
GRL,mod_uptake,12,0.9189590059070332,0.9160685372600781
GRL,mod_uptake,13,0.9085787181848681,0.9053966815635192
GRL,mod_uptake,14,0.8974238540702468,0.8939168699428863
GRL,mod_uptake,15,0.8856158415088182,0.8818057295374903
GUY,max_uptake,1,0.9969056588241479,0.9968182991112742
GUY,max_uptake,2,0.9935359643032329,0.9933587921410968
GUY,max_uptake,3,0.9898758287472484,0.9896046372592346
GUY,max_uptake,4,0.9859179574198651,0.985548224436293
GUY,max_uptake,5,0.9816412850280353,0.9811695138590061
GUY,max_uptake,6,0.977014786309517,0.9764366015054535
GUY,max_uptake,7,0.9719823410235103,0.9712956512040017
GUY,max_uptake,8,0.9665159168896462,0.9657145726211533
GUY,max_uptake,9,0.960604235660434,0.9596892006881125
GUY,max_uptake,10,0.9542560352005898,0.953219408256211
GUY,max_uptake,11,0.947439492792089,0.9462782375210012
GUY,max_uptake,12,0.9400815486433712,0.9387910666811563
GUY,max_uptake,13,0.9321652049896287,0.930742205809122
GUY,max_uptake,14,0.9236548077323461,0.9221027280969502
GUY,max_uptake,15,0.9145500871578164,0.9128690788974787
GUY,mod_uptake,1,0.9968448743223449,0.9967538311474642
GUY,mod_uptake,2,0.9934032993669718,0.9932209280653166
GUY,mod_uptake,3,0.9896680407494011,0.9893876729242278
GUY,mod_uptake,4,0.9856256821171986,0.9852434720865569
GUY,mod_uptake,5,0.9812612126654576,0.9807708156265688
GUY,mod_uptake,6,0.9765437644049394,0.9759397437452668
GUY,mod_uptake,7,0.9713998070158429,0.9706823775307413
GUY,mod_uptake,8,0.965824945314545,0.9649793313713568
GUY,mod_uptake,9,0.9597862344021791,0.9588220720001831
GUY,mod_uptake,10,0.9533083017163121,0.9522107723334767
GUY,mod_uptake,11,0.9463384250277821,0.9451104173453606
GUY,mod_uptake,12,0.938781574207492,0.9374386795076944
GUY,mod_uptake,13,0.9306532432907066,0.929201631539925
GUY,mod_uptake,14,0.9219058010035212,0.9203568188112066
GUY,mod_uptake,15,0.9125782092899473,0.9109085914237972
HRV,max_uptake,1,0.9920231473424727,0.99179962206087
HRV,max_uptake,2,0.9832943249941561,0.9828398669672755
HRV,max_uptake,3,0.973779542029216,0.9730887138736971
HRV,max_uptake,4,0.9633530047518227,0.9624412253651465
HRV,max_uptake,5,0.9521187169355012,0.9509366045046497
HRV,max_uptake,6,0.9399890952716567,0.9385368194078223
HRV,max_uptake,7,0.9269015944152059,0.925172961954126
HRV,max_uptake,8,0.9127334181884054,0.9107194111482276
HRV,max_uptake,9,0.8974131533148757,0.8951159290358419
HRV,max_uptake,10,0.8810565771950084,0.8784510744663507
HRV,max_uptake,11,0.8637332487983437,0.8607935185704231
HRV,max_uptake,12,0.8453133019530408,0.8420464027861964
HRV,max_uptake,13,0.8258395718717918,0.8222404435630845
HRV,max_uptake,14,0.8052545239927702,0.8013208889375242
HRV,max_uptake,15,0.7837085831650825,0.7794323861020237
HRV,mod_uptake,1,0.9918172726704083,0.9916522215676852
HRV,mod_uptake,2,0.9828575947717876,0.9825296832954841
HRV,mod_uptake,3,0.9730628146533556,0.9725906027618417
HRV,mod_uptake,4,0.9623369518718642,0.9617316015591816
HRV,mod_uptake,5,0.9507759987401504,0.9500081655914474
HRV,mod_uptake,6,0.9382985247368211,0.9373472612957658
HRV,mod_uptake,7,0.9248388095628507,0.9237150028120892
HRV,mod_uptake,8,0.9102576637776325,0.9089821076074397
HRV,mod_uptake,9,0.8945150628963536,0.8930904651254549
HRV,mod_uptake,10,0.877653101519158,0.8760832942268877
HRV,mod_uptake,11,0.8598153199578705,0.8580687803284704
HRV,mod_uptake,12,0.8408020080423997,0.8388801634810118
HRV,mod_uptake,13,0.820765574820282,0.8186629579263695
HRV,mod_uptake,14,0.7996151783287556,0.7973224399815994
HRV,mod_uptake,15,0.7774856491099729,0.7749864438919085
HUN,max_uptake,1,0.9898975005381139,0.9896455766993141
HUN,max_uptake,2,0.9790335894249346,0.9785264846889893
HUN,max_uptake,3,0.9673894101398883,0.966609621262759
HUN,max_uptake,4,0.9548952662027417,0.953842883142885
HUN,max_uptake,5,0.9416167800536684,0.9402844768018711
HUN,max_uptake,6,0.9275266220683097,0.9258956921603071
HUN,max_uptake,7,0.9124601268689205,0.9105272651453379
HUN,max_uptake,8,0.896443623689424,0.8941980923381915
HUN,max_uptake,9,0.879423958434941,0.8768624226618933
HUN,max_uptake,10,0.8614614949202268,0.8585751265604136
HUN,max_uptake,11,0.8426276697246743,0.839398059191732
HUN,max_uptake,12,0.8228158933575339,0.8192207628396307
HUN,max_uptake,13,0.8021079936057475,0.7981400891893699
HUN,max_uptake,14,0.7806111812545256,0.7762684383867462
HUN,max_uptake,15,0.7585229151661015,0.753787311750866
HUN,mod_uptake,1,0.9899808187614042,0.9892222944800158
HUN,mod_uptake,2,0.9791893576518087,0.9776585301325419
HUN,mod_uptake,3,0.9676290529376715,0.9653066799423528
HUN,mod_uptake,4,0.9552346248368889,0.9521136032480325
HUN,mod_uptake,5,0.9420968816016512,0.9381316670307245
HUN,mod_uptake,6,0.928155732645937,0.9233183294293342
HUN,mod_uptake,7,0.913250196206065,0.9075198196366672
HUN,mod_uptake,8,0.897386175217151,0.8907471246586922
HUN,mod_uptake,9,0.8805853098637776,0.8730183556400142
HUN,mod_uptake,10,0.8628080684361736,0.8543050875065411
HUN,mod_uptake,11,0.8441702504308036,0.8347169924183114
HUN,mod_uptake,12,0.8245475379479316,0.8141168470609103
HUN,mod_uptake,13,0.8039660785839434,0.7925910806060034
HUN,mod_uptake,14,0.7826315821376133,0.7703151360571531
HUN,mod_uptake,15,0.7606765893527067,0.7474088270772116
IRL,max_uptake,1,0.996334190697296,0.9961946209043355
IRL,max_uptake,2,0.9923177124618764,0.9920310265418274
IRL,max_uptake,3,0.9878953219263128,0.9874672382501486
IRL,max_uptake,4,0.9829723017768698,0.9823967348930214
IRL,max_uptake,5,0.9775213753214806,0.9767903998445306
IRL,max_uptake,6,0.9714939167487848,0.9706083041979043
IRL,max_uptake,7,0.9648679749388781,0.9638300099676035
IRL,max_uptake,8,0.9576123476573962,0.9564206989539505
IRL,max_uptake,9,0.9495766489219695,0.94824328859465
IRL,max_uptake,10,0.9407458943669739,0.9392562413952341
IRL,max_uptake,11,0.9311091814489748,0.9294622525140099
IRL,max_uptake,12,0.9205719421123908,0.9187710864992267
IRL,max_uptake,13,0.9091111301976963,0.9071580245278321
IRL,max_uptake,14,0.8966175974176043,0.8945220178175601
IRL,max_uptake,15,0.8831833418704187,0.880960025800635
IRL,mod_uptake,1,0.9962145136878857,0.9960958760865682
IRL,mod_uptake,2,0.9920679292833847,0.9918316087293427
IRL,mod_uptake,3,0.9875102256022719,0.9871558571051474
IRL,mod_uptake,4,0.9824297089304453,0.9819603847534615
IRL,mod_uptake,5,0.9768093755915062,0.9762163832214521
IRL,mod_uptake,6,0.9706119779378304,0.9698912301341271
IRL,mod_uptake,7,0.9638032190251253,0.9629691563962721
IRL,mod_uptake,8,0.9563455666047599,0.9553938115276375
IRL,mod_uptake,9,0.9480917285056529,0.9470259798791119
IRL,mod_uptake,10,0.9390068708273489,0.9378355688624151
IRL,mod_uptake,11,0.9291414713775346,0.9278273795485408
IRL,mod_uptake,12,0.9183587111732342,0.9169115517814042
IRL,mod_uptake,13,0.9066262913076538,0.9050633677432177
IRL,mod_uptake,14,0.8938701070200861,0.8921814063664741
IRL,mod_uptake,15,0.880144462513428,0.8783531580895837
ISL,max_uptake,1,0.9965891681057077,0.9964390245847269
ISL,max_uptake,2,0.9927444326999678,0.9924039692291811
ISL,max_uptake,3,0.9884338660649599,0.9879146252060955
ISL,max_uptake,4,0.983575603053802,0.9828709923836798
ISL,max_uptake,5,0.9781682108324123,0.9772441158774128
ISL,max_uptake,6,0.9723607007475649,0.9711891079054273
ISL,max_uptake,7,0.9659307213116031,0.9645651763256712
ISL,max_uptake,8,0.9588346487021018,0.9572259749234504
ISL,max_uptake,9,0.9508972942237724,0.9490620792214137
ISL,max_uptake,10,0.9418956705607431,0.9398286890337164
ISL,max_uptake,11,0.9322721098033674,0.9299284356875926
ISL,max_uptake,12,0.9219799198340277,0.919338213978786
ISL,max_uptake,13,0.9109289241553379,0.9079880628949433
ISL,max_uptake,14,0.8988734748382917,0.8956814011685491
ISL,max_uptake,15,0.8855843838684412,0.8821586561791305
ISL,mod_uptake,1,0.9966100765769229,0.9963828430354938
ISL,mod_uptake,2,0.9928106426972206,0.9923482827338704
ISL,mod_uptake,3,0.9885795931982263,0.9878522037102483
ISL,mod_uptake,4,0.9837692557870925,0.9827966871767133
ISL,mod_uptake,5,0.978454890604823,0.9771250032812647
ISL,mod_uptake,6,0.9728105037782535,0.9711099752800119
ISL,mod_uptake,7,0.9665526849497854,0.964490163658701
ISL,mod_uptake,8,0.9595351254949186,0.9571043459970933
ISL,mod_uptake,9,0.951780898401937,0.9489466233160077
ISL,mod_uptake,10,0.942999602427949,0.939724831537209
ISL,mod_uptake,11,0.9335857648678544,0.9297938018744948
ISL,mod_uptake,12,0.9234577616685269,0.9191830923398983
ISL,mod_uptake,13,0.9125493973651932,0.9078682797011721
ISL,mod_uptake,14,0.9006525070466346,0.8955089625251633
ISL,mod_uptake,15,0.8876126850405177,0.8819435425963902
ISR,max_uptake,1,0.9962554614641794,0.9960963554046577
ISR,max_uptake,2,0.9921082197099593,0.991781001144788
ISR,max_uptake,3,0.9875180542103713,0.9870197218627843
ISR,max_uptake,4,0.9824775956877584,0.9818022183491977
ISR,max_uptake,5,0.9769680623462481,0.9761027179783967
ISR,max_uptake,6,0.9708989370969922,0.9698304208715236
ISR,max_uptake,7,0.9641765972813922,0.9628876567898311
ISR,max_uptake,8,0.9567710067578836,0.9552429224123394
ISR,max_uptake,9,0.9486351044648718,0.9468522786330333
ISR,max_uptake,10,0.9398080358054216,0.9377498739720207
ISR,max_uptake,11,0.9302269692323066,0.9278651851742253
ISR,max_uptake,12,0.919779296617573,0.9171034802335336
ISR,max_uptake,13,0.9084467400848758,0.9054249470398837
ISR,max_uptake,14,0.8961877199960601,0.8928090117059863
ISR,max_uptake,15,0.8830833234210304,0.8793252897354829
ISR,mod_uptake,1,0.9962900751093339,0.9961351702296982
ISR,mod_uptake,2,0.9921604970816181,0.9918560545561053
ISR,mod_uptake,3,0.9875937965831965,0.9871348751929413
ISR,mod_uptake,4,0.9825721500041107,0.9819481005138645
ISR,mod_uptake,5,0.9770684887934252,0.9762647925130009
ISR,mod_uptake,6,0.9710106606831493,0.9700004718481018
ISR,mod_uptake,7,0.9642724791378534,0.9630516586825693
ISR,mod_uptake,8,0.9568577002943444,0.955409648328435
ISR,mod_uptake,9,0.9486886905842661,0.9469969920446655
ISR,mod_uptake,10,0.9398166139579888,0.9378542602692754
ISR,mod_uptake,11,0.9302012799726591,0.9279362017383302
ISR,mod_uptake,12,0.919726827580353,0.9171570745267739
ISR,mod_uptake,13,0.9083350032096154,0.9054384221773288
ISR,mod_uptake,14,0.8960186862916756,0.8927949559025949
ISR,mod_uptake,15,0.8828212728042083,0.8792712449747567
ITA,max_uptake,1,0.9951098141407175,0.9949606238026881
ITA,max_uptake,2,0.9896745174540587,0.9893797419002338
ITA,max_uptake,3,0.9836351581198349,0.9831986478716773
ITA,max_uptake,4,0.9769623738325851,0.9763854065069147
ITA,max_uptake,5,0.9696415209429425,0.9689088374954509
ITA,max_uptake,6,0.9616133527465689,0.9607146735115636
ITA,max_uptake,7,0.9528104228343556,0.9517441831116852
ITA,max_uptake,8,0.9431316855556136,0.9418979789968659
ITA,max_uptake,9,0.932526710118525,0.9311140885677164
ITA,max_uptake,10,0.9209195678387924,0.9193142340638439
ITA,max_uptake,11,0.9082749437417356,0.9064528906502773
ITA,max_uptake,12,0.8944891494571336,0.8924415210374272
ITA,max_uptake,13,0.8794966019959208,0.8772128130173114
ITA,max_uptake,14,0.8632717749945021,0.8607432675454605
ITA,max_uptake,15,0.8458514837876889,0.8430509002704065
ITA,mod_uptake,1,0.9949845587869801,0.9948123206268524
ITA,mod_uptake,2,0.9894442908594445,0.9890928295027176
ITA,mod_uptake,3,0.9833000902501018,0.982762438466402
ITA,mod_uptake,4,0.976503298457204,0.9757846612754311
ITA,mod_uptake,5,0.9690374710576201,0.9681310964841944
ITA,mod_uptake,6,0.9608464224178118,0.9597397991422932
ITA,mod_uptake,7,0.9518488370020127,0.9505375086138107
ITA,mod_uptake,8,0.9419577821005711,0.9404378040711955
ITA,mod_uptake,9,0.9311054855468239,0.9293703938643292
ITA,mod_uptake,10,0.9192370209331648,0.9172701634036426
ITA,mod_uptake,11,0.9062892277442314,0.9040816300784834
ITA,mod_uptake,12,0.8921753582001286,0.889716364772367
ITA,mod_uptake,13,0.8767933200969117,0.8740966378650482
ITA,mod_uptake,14,0.8600976112722405,0.8571921759784095
ITA,mod_uptake,15,0.8421336477489588,0.8390361288996281
JPN,max_uptake,1,0.9961115053703619,0.9960254537943238
JPN,max_uptake,2,0.9918340740975438,0.991661815862547
JPN,max_uptake,3,0.9871278073871115,0.9868761723982105
JPN,max_uptake,4,0.9819353814685502,0.9816065779647462
JPN,max_uptake,5,0.976274210916803,0.9758629680060623
JPN,max_uptake,6,0.9700656949600415,0.9695669492211364
JPN,max_uptake,7,0.963270493963965,0.9626831426196001
JPN,max_uptake,8,0.9558245019705062,0.9551490728976524
JPN,max_uptake,9,0.9476981995494833,0.9469294829925426
JPN,max_uptake,10,0.9388563433950964,0.9379792140689028
JPN,max_uptake,11,0.929259454720763,0.9282408083214315
JPN,max_uptake,12,0.9188125709978008,0.9176459784248532
JPN,max_uptake,13,0.9074620451455485,0.9061495593433718
JPN,max_uptake,14,0.8951759378846483,0.8936913746200348
JPN,max_uptake,15,0.8819925611792863,0.8803181088109738
JPN,mod_uptake,1,0.9957243445461882,0.9957361514750236
JPN,mod_uptake,2,0.9910160502484127,0.9910467238752068
JPN,mod_uptake,3,0.9858395356037332,0.9859037502956893
JPN,mod_uptake,4,0.9801367466548508,0.9802505572633442
JPN,mod_uptake,5,0.97392036457451,0.9740765258771926
JPN,mod_uptake,6,0.9671166882589911,0.9673179383379413
JPN,mod_uptake,7,0.9596576475600276,0.9599086376646407
JPN,mod_uptake,8,0.9515102466280505,0.9518117797274077
JPN,mod_uptake,9,0.9426273261025925,0.9429772716285146
JPN,mod_uptake,10,0.9329632087657848,0.9333552994648274
JPN,mod_uptake,11,0.9224820318556051,0.9229061780108864
JPN,mod_uptake,12,0.9111233483906156,0.9115549949630881
JPN,mod_uptake,13,0.8988089332949455,0.8992471892530085
JPN,mod_uptake,14,0.8855436760766527,0.8859466062136423
JPN,mod_uptake,15,0.8713669077803228,0.8716937432101438
KNA,max_uptake,1,0.9973363997377508,0.9972458336176302
KNA,max_uptake,2,0.9944284137984851,0.9942445061471665
KNA,max_uptake,3,0.9912582180125631,0.9909748478706277
KNA,max_uptake,4,0.9877845033530404,0.9873958823719334
KNA,max_uptake,5,0.983984508550222,0.9834819963312732
KNA,max_uptake,6,0.9798262909018217,0.97919826116474
KNA,max_uptake,7,0.9752703247782301,0.9745105008041538
KNA,max_uptake,8,0.9702781957571347,0.9693776587930757
KNA,max_uptake,9,0.9648061576244644,0.9637563871238397
KNA,max_uptake,10,0.9588184444481481,0.9576059197203863
KNA,max_uptake,11,0.9522596241552314,0.9508804491999054
KNA,max_uptake,12,0.9450931286774418,0.9435387866007046
KNA,max_uptake,13,0.93728546829925,0.9355456399130984
KNA,max_uptake,14,0.9287647902302599,0.9268423400853157
KNA,max_uptake,15,0.9195342081197576,0.9174146485531302
KNA,mod_uptake,1,0.9973675878965214,0.9971781202926391
KNA,mod_uptake,2,0.994497213089529,0.9941021844710518
KNA,mod_uptake,3,0.9913675653522035,0.990751581621159
KNA,mod_uptake,4,0.9879339533059633,0.987083278293807
KNA,mod_uptake,5,0.9841798883266804,0.9830735837396904
KNA,mod_uptake,6,0.9800765044156837,0.9786921377784357
KNA,mod_uptake,7,0.9755768432130559,0.973895522349195
KNA,mod_uptake,8,0.9706397622306845,0.9686387512270207
KNA,mod_uptake,9,0.9652344410951638,0.9628880079039767
KNA,mod_uptake,10,0.959311842747652,0.9565970797245735
KNA,mod_uptake,11,0.952832272715099,0.9497174183695977
KNA,mod_uptake,12,0.9457600968946976,0.9422182433509934
KNA,mod_uptake,13,0.9380565460937068,0.9340614686334469
KNA,mod_uptake,14,0.9296393554490813,0.9251812624367312
KNA,mod_uptake,15,0.9205191646732803,0.9155653063132482
KOR,max_uptake,1,0.9969594058009557,0.9968184155153796
KOR,max_uptake,2,0.9936101832450975,0.9932882742046188
KOR,max_uptake,3,0.989912377952064,0.9894062297134841
KOR,max_uptake,4,0.9858066516165013,0.9850877431767774
KOR,max_uptake,5,0.9812812247038727,0.9803221358586215
KOR,max_uptake,6,0.9763116681536554,0.9751030104257671
KOR,max_uptake,7,0.970766882344824,0.9692765723344525
KOR,max_uptake,8,0.9646540670244308,0.9628637582694605
KOR,max_uptake,9,0.9578677576212001,0.9557429648684668
KOR,max_uptake,10,0.9503826767243834,0.9478774508445904
KOR,max_uptake,11,0.9422030091495044,0.9392782699630512
KOR,max_uptake,12,0.933169336946693,0.9297867375454293
KOR,max_uptake,13,0.9233241506207752,0.9194609533368502
KOR,max_uptake,14,0.9125358168405034,0.9081445241007311
KOR,max_uptake,15,0.900844764285604,0.8958709396350797
KOR,mod_uptake,1,0.9971606255467641,0.9968452199536381
KOR,mod_uptake,2,0.9939886328157007,0.9933129070966057
KOR,mod_uptake,3,0.9905024642115171,0.9894353943458863
KOR,mod_uptake,4,0.9866177534502216,0.9851051186111001
KOR,mod_uptake,5,0.9823218348007658,0.980323287668374
KOR,mod_uptake,6,0.9776404494368115,0.9750889725878642
KOR,mod_uptake,7,0.9723655284731131,0.9692301260182605
KOR,mod_uptake,8,0.9665355987822375,0.9627679218195342
KOR,mod_uptake,9,0.9600770923685715,0.9555910116774097
KOR,mod_uptake,10,0.9529241192489746,0.9476686667816896
KOR,mod_uptake,11,0.9451025961357149,0.9389920351243929
KOR,mod_uptake,12,0.9364940340157879,0.9294290130352034
KOR,mod_uptake,13,0.9271053086956973,0.9190336580166003
KOR,mod_uptake,14,0.916807521983081,0.907619968803059
KOR,mod_uptake,15,0.9056348077057418,0.8952582215433396
KWT,max_uptake,1,0.9983123766480727,0.9982392116004645
KWT,max_uptake,2,0.9964546753717721,0.9963068711040125
KWT,max_uptake,3,0.9944381085647482,0.9942105456443856
KWT,max_uptake,4,0.9922364973580928,0.9919235778741885
KWT,max_uptake,5,0.9898323753901364,0.9894235018143294
KWT,max_uptake,6,0.9871752361031504,0.9866635750374447
KWT,max_uptake,7,0.9842464073954598,0.9836265841473347
KWT,max_uptake,8,0.9810202128815043,0.9802880244801229
KWT,max_uptake,9,0.9775175409187858,0.9766636032610128
KWT,max_uptake,10,0.9736902436388745,0.9726966019903242
KWT,max_uptake,11,0.9694733034404882,0.9683311481983866
KWT,max_uptake,12,0.9648434897458791,0.9635475494141545
KWT,max_uptake,13,0.9597663540116517,0.9583028489763106
KWT,max_uptake,14,0.9542424876398241,0.9526117666957616
KWT,max_uptake,15,0.9482396928929325,0.9464296520050066
KWT,mod_uptake,1,0.9983977154646764,0.9982816679447982
KWT,mod_uptake,2,0.9966457300892921,0.9964025317405756
KWT,mod_uptake,3,0.9947204367986836,0.9943467020250756
KWT,mod_uptake,4,0.9926198868192101,0.9921072602040247
KWT,mod_uptake,5,0.9903330008488075,0.9896696146457276
KWT,mod_uptake,6,0.9878118652004639,0.9869817141907697
KWT,mod_uptake,7,0.9850322033336886,0.9840234282981283
KWT,mod_uptake,8,0.9819711923618886,0.9807698786598926
KWT,mod_uptake,9,0.978623589675802,0.9772277477819222
KWT,mod_uptake,10,0.9749687359473578,0.9733504623438521
KWT,mod_uptake,11,0.9709480193112113,0.9690972137021351
KWT,mod_uptake,12,0.9665476974456421,0.9644433956486915
KWT,mod_uptake,13,0.9617392312111096,0.9593530395048886
KWT,mod_uptake,14,0.9564986459125229,0.9538171863804061
KWT,mod_uptake,15,0.9507890766232031,0.9478028088841636
LTU,max_uptake,1,0.9897056187046838,0.989422318207829
LTU,max_uptake,2,0.9786495989424643,0.9780883101738526
LTU,max_uptake,3,0.9668287865065329,0.9660064413796599
LTU,max_uptake,4,0.9542660132440405,0.953180560326606
LTU,max_uptake,5,0.9409861501050938,0.9396243561674754
LTU,max_uptake,6,0.9269684619079586,0.9253319271517667
LTU,max_uptake,7,0.9121414292096748,0.9102193945847367
LTU,max_uptake,8,0.8965245836821111,0.8943085734739002
LTU,max_uptake,9,0.8800000511240356,0.8774782124983916
LTU,max_uptake,10,0.8625222291124343,0.8596919037406056
LTU,max_uptake,11,0.8442114973745695,0.8410450632104282
LTU,max_uptake,12,0.8249607514934604,0.8214570578776607
LTU,max_uptake,13,0.8048207875923356,0.8009858941673365
LTU,max_uptake,14,0.7837066815468995,0.7795356232363678
LTU,max_uptake,15,0.7617220326483322,0.757238803691891
LTU,mod_uptake,1,0.9892528981238802,0.989075131685712
LTU,mod_uptake,2,0.9777571946879843,0.9773811208728884
LTU,mod_uptake,3,0.9655132838854379,0.9649500535399909
LTU,mod_uptake,4,0.9524751218079918,0.9517350182481874
LTU,mod_uptake,5,0.9387348145569582,0.9377896541577647
LTU,mod_uptake,6,0.9242140961749851,0.9230839349935841
LTU,mod_uptake,7,0.9088339484459178,0.9075320438594925
LTU,mod_uptake,8,0.892663453307275,0.8911599831482726
LTU,mod_uptake,9,0.8755914721525799,0.8738656730465101
LTU,mod_uptake,10,0.857556880879027,0.8555688241295394
LTU,mod_uptake,11,0.8386227946339734,0.836394294461623
LTU,mod_uptake,12,0.818818759719095,0.8163397324696327
LTU,mod_uptake,13,0.7981750141046443,0.7954178498714729
LTU,mod_uptake,14,0.7765065305500125,0.7735153063042316
LTU,mod_uptake,15,0.7539842150551888,0.7507405965123949
LUX,max_uptake,1,0.9962914848293647,0.9961232043755277
LUX,max_uptake,2,0.9922743288003921,0.9919331839386386
LUX,max_uptake,3,0.9878928536677447,0.9873439281306926
LUX,max_uptake,4,0.9830252691380491,0.9823028721785703
LUX,max_uptake,5,0.9777349064457207,0.9768362928074907
LUX,max_uptake,6,0.9719017913170888,0.9707907972217302
LUX,max_uptake,7,0.9655069598718016,0.9641411263690017
LUX,max_uptake,8,0.958360890779199,0.9567437551273351
LUX,max_uptake,9,0.9504607774210285,0.9486261511754233
LUX,max_uptake,10,0.9418816747418883,0.9398119939242254
LUX,max_uptake,11,0.9325016720351544,0.9301826212660276
LUX,max_uptake,12,0.9222209093390982,0.9196882983020266
LUX,max_uptake,13,0.9111963445488894,0.9083814891872696
LUX,max_uptake,14,0.8991123627590375,0.8959919729109087
LUX,max_uptake,15,0.8860432156958371,0.8825691958935763
LUX,mod_uptake,1,0.9963565246439873,0.9961878675257392
LUX,mod_uptake,2,0.992375774254168,0.9920820318007335
LUX,mod_uptake,3,0.9880704960092457,0.9876172999583654
LUX,mod_uptake,4,0.9833609738511879,0.9827113086093198
LUX,mod_uptake,5,0.978161799850032,0.977374049827628
LUX,mod_uptake,6,0.9723339034401273,0.9713752372965851
LUX,mod_uptake,7,0.966020223705627,0.9648831155987552
LUX,mod_uptake,8,0.958980532133464,0.9576726734525064
LUX,mod_uptake,9,0.9511500970490915,0.9497163295417888
LUX,mod_uptake,10,0.9427205730027404,0.94114619136196
LUX,mod_uptake,11,0.9335509121657148,0.9318276180781175
LUX,mod_uptake,12,0.9235472183200308,0.9216149399690428
LUX,mod_uptake,13,0.912650721183773,0.9104977239088698
LUX,mod_uptake,14,0.9006840336487513,0.8983370024027976
LUX,mod_uptake,15,0.8878171709306261,0.8852485753066901
LVA,max_uptake,1,0.9903287429826417,0.9900130185571383
LVA,max_uptake,2,0.9799417739031092,0.9793043240646524
LVA,max_uptake,3,0.9688237983232988,0.9678667048224409
LVA,max_uptake,4,0.9569694800857598,0.9557077322817517
LVA,max_uptake,5,0.9444477246252665,0.9428721152586974
LVA,max_uptake,6,0.9311398889321056,0.9292370488744799
LVA,max_uptake,7,0.9169995617322768,0.9147939659063866
LVA,max_uptake,8,0.9020066847616321,0.8994936775348967
LVA,max_uptake,9,0.8860675777397161,0.8832401678375712
LVA,max_uptake,10,0.8692136525907097,0.8660510601950488
LVA,max_uptake,11,0.851444861819875,0.847957233522992
LVA,max_uptake,12,0.8327317982570032,0.8289065353416555
LVA,max_uptake,13,0.812994021416653,0.808824370299062
LVA,max_uptake,14,0.7923424746430181,0.787818049838104
LVA,max_uptake,15,0.7708922595730271,0.7660297877428666
LVA,mod_uptake,1,0.9902079577816576,0.9900997314652707
LVA,mod_uptake,2,0.9796566524179876,0.979447138121826
LVA,mod_uptake,3,0.9683885315383176,0.96809730117509
LVA,mod_uptake,4,0.9563775369046967,0.9559999212076624
LVA,mod_uptake,5,0.9437599729831639,0.9432727031077247
LVA,mod_uptake,6,0.9303142608631543,0.9297439348078267
LVA,mod_uptake,7,0.9160426475026417,0.9154178510256736
LVA,mod_uptake,8,0.9009379841305254,0.9002611175586062
LVA,mod_uptake,9,0.8849068189289637,0.884181761749771
LVA,mod_uptake,10,0.8679156982410071,0.8671574747591334
LVA,mod_uptake,11,0.8499914533494339,0.8492144811084396
LVA,mod_uptake,12,0.8310901598106673,0.8303128585900248
LVA,mod_uptake,13,0.8111749914194839,0.8104310699198894
LVA,mod_uptake,14,0.7903469513884451,0.7896483062849428
LVA,mod_uptake,15,0.76878969536527,0.768130154111814
MLT,max_uptake,1,0.9956495055528635,0.9955028652919633
MLT,max_uptake,2,0.9909364030789446,0.9906376468662899
MLT,max_uptake,3,0.985779908908504,0.9853224478002132
MLT,max_uptake,4,0.9801224789554347,0.9794917905276647
MLT,max_uptake,5,0.9739481715446675,0.9731282648253455
MLT,max_uptake,6,0.9672238779560505,0.9662083192018418
MLT,max_uptake,7,0.959912502463218,0.9586814720696847
MLT,max_uptake,8,0.9519292376130062,0.9504747689580947
MLT,max_uptake,9,0.9432335020594002,0.9415348637566416
MLT,max_uptake,10,0.9337483519814349,0.9317791287991541
MLT,max_uptake,11,0.9234104125473341,0.9211420492473288
MLT,max_uptake,12,0.9122367127044765,0.9096355618652856
MLT,max_uptake,13,0.900126453917473,0.8971822484290427
MLT,max_uptake,14,0.8870776985474355,0.8837820101007032
MLT,max_uptake,15,0.8731250671398083,0.8694562710808647
MLT,mod_uptake,1,0.9956948329776072,0.9955215214467394
MLT,mod_uptake,2,0.9910306873684752,0.9906940830058164
MLT,mod_uptake,3,0.9859035428769193,0.9854205107779533
MLT,mod_uptake,4,0.9802615690467762,0.9796235937542997
MLT,mod_uptake,5,0.9741022581168167,0.9732969903207647
MLT,mod_uptake,6,0.967396220770975,0.9664269677902071
MLT,mod_uptake,7,0.9600767980637621,0.9589417225430088
MLT,mod_uptake,8,0.9520804241982248,0.9507761487480446
MLT,mod_uptake,9,0.9433616303993769,0.9418780368004426
MLT,mod_uptake,10,0.9338569539373234,0.9321904109155547
MLT,mod_uptake,11,0.9235027900956645,0.9216383132254176
MLT,mod_uptake,12,0.9122682506591726,0.9101945485373606
MLT,mod_uptake,13,0.9000909276063578,0.8978033848265325
MLT,mod_uptake,14,0.8869756793711772,0.8844684724386347
MLT,mod_uptake,15,0.8729030015277701,0.8701838164316466
NLD,max_uptake,1,0.9950481410501171,0.9948932764771997
NLD,max_uptake,2,0.9895673705074778,0.9892527748647518
NLD,max_uptake,3,0.9834830747508382,0.9830233486796535
NLD,max_uptake,4,0.9767397220079138,0.9761445288298108
NLD,max_uptake,5,0.9693240724998505,0.9685944829419197
NLD,max_uptake,6,0.961174693669292,0.9603135765132559
NLD,max_uptake,7,0.9522212605463395,0.9512401243784903
NLD,max_uptake,8,0.942390448772867,0.9413005867713207
NLD,max_uptake,9,0.9316107256082989,0.930427175184882
NLD,max_uptake,10,0.919882873584058,0.9186062129545164
NLD,max_uptake,11,0.9071361482554678,0.9057686074922203
NLD,max_uptake,12,0.8932904063058996,0.8918296157275855
NLD,max_uptake,13,0.8782658997466279,0.8767203154327582
NLD,max_uptake,14,0.861999151423579,0.8603876319940361
NLD,max_uptake,15,0.8445379305637344,0.8428820332523663
NLD,mod_uptake,1,0.9949325590285757,0.9948780030202724
NLD,mod_uptake,2,0.9893368323318662,0.9892271093592137
NLD,mod_uptake,3,0.9831092190765788,0.9829662557219695
NLD,mod_uptake,4,0.976230082203114,0.9760745579740705
NLD,mod_uptake,5,0.9686702549469893,0.9685126233950109
NLD,mod_uptake,6,0.9603482345827059,0.9602023911879597
NLD,mod_uptake,7,0.951212285345559,0.9511037503683546
NLD,mod_uptake,8,0.9411944249679216,0.9411319894590271
NLD,mod_uptake,9,0.930203951256961,0.9302264083927231
NLD,mod_uptake,10,0.9182487678786598,0.918367633600228
NLD,mod_uptake,11,0.9052308972874458,0.9054801935028853
NLD,mod_uptake,12,0.8910928688140295,0.8915066791752116
NLD,mod_uptake,13,0.87572088920654,0.8763353117835861
NLD,mod_uptake,14,0.8591148150487047,0.8599499038270029
NLD,mod_uptake,15,0.8413314135525919,0.842419025784165
NOR,max_uptake,1,0.9968210470530671,0.9966604008181287
NOR,max_uptake,2,0.9932968437855801,0.9929735132125538
NOR,max_uptake,3,0.9893751299310698,0.9888750094809383
NOR,max_uptake,4,0.9850611646646946,0.9843773700231794
NOR,max_uptake,5,0.9802699200534783,0.9793909269969496
NOR,max_uptake,6,0.9750138662332352,0.9739248859068549
NOR,max_uptake,7,0.969177588430417,0.9678708471399369
NOR,max_uptake,8,0.9627425932969607,0.9611895185173559
NOR,max_uptake,9,0.9556479641990956,0.9538441911340502
NOR,max_uptake,10,0.9478420624884283,0.9457710359617483
NOR,max_uptake,11,0.9393134140195948,0.9369565930324079
NOR,max_uptake,12,0.9299893943367242,0.9273364861888557
NOR,max_uptake,13,0.9197453913815657,0.9167709602448947
NOR,max_uptake,14,0.9086964350058943,0.9053870314552017
NOR,max_uptake,15,0.8966752179956341,0.8930312155575643
NOR,mod_uptake,1,0.9968036876246328,0.9966223345012062
NOR,mod_uptake,2,0.9932669849940935,0.9928966470477996
NOR,mod_uptake,3,0.9893207329782361,0.9887482917080024
NOR,mod_uptake,4,0.9849801842127172,0.9842104905120567
NOR,mod_uptake,5,0.9801611639995966,0.979172261543604
NOR,mod_uptake,6,0.974868520438889,0.973639410885666
NOR,mod_uptake,7,0.9689851995342702,0.9675041023087225
NOR,mod_uptake,8,0.9624623138655594,0.9607160043822656
NOR,mod_uptake,9,0.9553168767554002,0.9532817165132057
NOR,mod_uptake,10,0.9474108572472302,0.9450842835375785
NOR,mod_uptake,11,0.9387803084708848,0.9361278606748408
NOR,mod_uptake,12,0.9293589794623299,0.9263637150915393
NOR,mod_uptake,13,0.9189896987757011,0.9156301822105918
NOR,mod_uptake,14,0.9077894639558493,0.9040641056195018
NOR,mod_uptake,15,0.8956181887781196,0.8914707057421006
NRU,max_uptake,1,0.9984605696100561,0.9983991002721346
NRU,max_uptake,2,0.9967907044506257,0.9966638343922889
NRU,max_uptake,3,0.9949739993417275,0.9947762285060027
NRU,max_uptake,4,0.992988175706675,0.9927144743107454
NRU,max_uptake,5,0.9908210093043822,0.9904660044492196
NRU,max_uptake,6,0.9884577133783385,0.9880132673110166
NRU,max_uptake,7,0.9858793938713023,0.9853421321735769
NRU,max_uptake,8,0.9830606091310345,0.9824259515020782
NRU,max_uptake,9,0.9799715782192003,0.9792346062273513
NRU,max_uptake,10,0.9765996677183334,0.9757526459336583
NRU,max_uptake,11,0.9729199840395863,0.9719539987740105
NRU,max_uptake,12,0.9689112869696623,0.9678185902238207
NRU,max_uptake,13,0.9645345916673309,0.9633098620964227
NRU,max_uptake,14,0.9597632351239447,0.9583980974162792
NRU,max_uptake,15,0.9545773955504724,0.9530632807321179
NRU,mod_uptake,1,0.9984529530234988,0.9983933752290868
NRU,mod_uptake,2,0.9967739955230844,0.9966529471365871
NRU,mod_uptake,3,0.9949450880159986,0.9947596344727232
NRU,mod_uptake,4,0.992944469818077,0.9926901506893472
NRU,mod_uptake,5,0.9907629758932927,0.9904327419894629
NRU,mod_uptake,6,0.9883806503941751,0.9879701897400865
NRU,mod_uptake,7,0.9857828161084402,0.9852872173889216
NRU,mod_uptake,8,0.982942139026619,0.9823563957912915
NRU,mod_uptake,9,0.9798288495777483,0.9791500606456983
NRU,mod_uptake,10,0.9764267016976796,0.9756477865627236
NRU,mod_uptake,11,0.9727115887049483,0.9718245586368404
NRU,mod_uptake,12,0.9686570162684378,0.9676592077562105
NRU,mod_uptake,13,0.964231501965003,0.9631202347438262
NRU,mod_uptake,14,0.9594003374145347,0.9581736011458662
NRU,mod_uptake,15,0.9541462372577824,0.952804272028711
NZL,max_uptake,1,0.9967716951079668,0.9965748647612065
NZL,max_uptake,2,0.9932548364159924,0.9928441352759755
NZL,max_uptake,3,0.9893625934337034,0.9887276944115619
NZL,max_uptake,4,0.985093779694077,0.9842173763928274
NZL,max_uptake,5,0.980457172547682,0.979323166382394
NZL,max_uptake,6,0.9753886189049779,0.9739757724323124
NZL,max_uptake,7,0.9698421658807211,0.9681386799941938
NZL,max_uptake,8,0.963728197413299,0.9617147764887676
NZL,max_uptake,9,0.9569743021150017,0.95462299894333
NZL,max_uptake,10,0.9496101795965483,0.9469008506792055
NZL,max_uptake,11,0.9415680448837612,0.9384764358807776
NZL,max_uptake,12,0.9328010351989653,0.9293027402671561
NZL,max_uptake,13,0.9232858313743361,0.9193516503898362
NZL,max_uptake,14,0.9129015167410741,0.908515269650193
NZL,max_uptake,15,0.9017154887245938,0.8968689488128333
NZL,mod_uptake,1,0.9966189142321337,0.9964552305479089
NZL,mod_uptake,2,0.9929191782586481,0.9925845733631175
NZL,mod_uptake,3,0.9888390248637776,0.9883244959192083
NZL,mod_uptake,4,0.9843516607173801,0.9836463815404783
NZL,mod_uptake,5,0.9794828530002898,0.9785811264403258
NZL,mod_uptake,6,0.9741546710231771,0.9730500625258947
NZL,mod_uptake,7,0.968328291011054,0.9670007265356947
NZL,mod_uptake,8,0.9619028311341219,0.9603502520487153
NZL,mod_uptake,9,0.9547976122597165,0.9529984119744479
NZL,mod_uptake,10,0.9470595443493217,0.9450097942716277
NZL,mod_uptake,11,0.9385805631777674,0.9362664443310716
NZL,mod_uptake,12,0.929402761769463,0.9268159953032062
NZL,mod_uptake,13,0.9194502096966307,0.9165786132817827
NZL,mod_uptake,14,0.9086027891902514,0.9054276000255336
NZL,mod_uptake,15,0.8969398027680475,0.8934845312847396
OMN,max_uptake,1,0.9986204511410701,0.9985424864375919
OMN,max_uptake,2,0.9971114376269856,0.9969467023012789
OMN,max_uptake,3,0.9954617901853744,0.9952056036716567
OMN,max_uptake,4,0.9936647299220019,0.9933107256152959
OMN,max_uptake,5,0.9917121623659003,0.9912483067218527
OMN,max_uptake,6,0.9895438498818926,0.9889632837452161
OMN,max_uptake,7,0.9871611686067037,0.9864533777713079
OMN,max_uptake,8,0.9845370564482998,0.983694683300295
OMN,max_uptake,9,0.9816701484554469,0.9806849122845434
OMN,max_uptake,10,0.9785302763655322,0.9773943239480023
OMN,max_uptake,11,0.9750908121441146,0.9737923067908841
OMN,max_uptake,12,0.9713163958691736,0.9698354027630046
OMN,max_uptake,13,0.9671881459451702,0.9655189075458819
OMN,max_uptake,14,0.962689645761672,0.9608235718372384
OMN,max_uptake,15,0.9578116249258865,0.9557414182940358
OMN,mod_uptake,1,0.9986307974561114,0.9985563511252076
OMN,mod_uptake,2,0.9971328029895753,0.9969819980745556
OMN,mod_uptake,3,0.9954961541958853,0.9952631635334854
OMN,mod_uptake,4,0.9937124926588954,0.9933883770617163
OMN,mod_uptake,5,0.9917801992102115,0.9913569086777272
OMN,mod_uptake,6,0.9896412075331489,0.9891080124841279
OMN,mod_uptake,7,0.987286429757778,0.9866309898367432
OMN,mod_uptake,8,0.9847106301913267,0.9839220538102411
OMN,mod_uptake,9,0.9818969525293438,0.9809714317725311
OMN,mod_uptake,10,0.9788121747428565,0.9777365711495961
OMN,mod_uptake,11,0.9754372888906503,0.9741967150925109
OMN,mod_uptake,12,0.9717345304832411,0.9703150125837471
OMN,mod_uptake,13,0.9676890300422127,0.9660735020706891
OMN,mod_uptake,14,0.963278339524018,0.9614565895177349
OMN,mod_uptake,15,0.9584966362094817,0.9564537518137503
PAN,max_uptake,1,0.9976187552201413,0.9975107003744922
PAN,max_uptake,2,0.9950268974349854,0.9948050556528845
PAN,max_uptake,3,0.992193870335008,0.9918532982800755
PAN,max_uptake,4,0.9890822114843396,0.9886174395230605
PAN,max_uptake,5,0.9856803162734233,0.9850812734791718
PAN,max_uptake,6,0.9819631162229131,0.9812174110840473
PAN,max_uptake,7,0.9778913389049868,0.9769900043260982
PAN,max_uptake,8,0.9734350401145161,0.9723654425785883
PAN,max_uptake,9,0.9685468289621852,0.9672980003484934
PAN,max_uptake,10,0.9632028520911736,0.9617612951545279
PAN,max_uptake,11,0.957373906786367,0.9557249978342116
PAN,max_uptake,12,0.9510196017010741,0.9491559483598321
PAN,max_uptake,13,0.9441025863069777,0.9420139458923228
PAN,max_uptake,14,0.9365820070458795,0.9342621216360342
PAN,max_uptake,15,0.9284499388874914,0.9258894679773829
PAN,mod_uptake,1,0.9975585789403824,0.9975073806257734
PAN,mod_uptake,2,0.9948996658573384,0.9947938644527567
PAN,mod_uptake,3,0.9919894967642279,0.991829768442421
PAN,mod_uptake,4,0.9888004376784235,0.988586334891403
PAN,mod_uptake,5,0.9853090277224681,0.9850405001858994
PAN,mod_uptake,6,0.9814804826573218,0.9811623079685404
PAN,mod_uptake,7,0.9772824778092667,0.9769174758275516
PAN,mod_uptake,8,0.9726911143208139,0.9722735438958866
PAN,mod_uptake,9,0.9676564142201134,0.9671886893675641
PAN,mod_uptake,10,0.962154957276555,0.9616352864923774
PAN,mod_uptake,11,0.95616549031941,0.9555856975645045
PAN,mod_uptake,12,0.9496445558973652,0.9490085135810931
PAN,mod_uptake,13,0.9425530217311912,0.9418631955355442
PAN,mod_uptake,14,0.9348465337973562,0.9341073387909309
PAN,mod_uptake,15,0.9265299604122045,0.9257317223634409
POL,max_uptake,1,0.992489383610566,0.9922991394495173
POL,max_uptake,2,0.9843626984164076,0.9839809794772215
POL,max_uptake,3,0.9756001443032255,0.9750234327482521
POL,max_uptake,4,0.9661446490709447,0.9653936720594468
POL,max_uptake,5,0.9560349783473441,0.9550971578837611
POL,max_uptake,6,0.9452312136062925,0.9440966101574049
POL,max_uptake,7,0.9336627909932859,0.9323364397401637
POL,max_uptake,8,0.9212453147750495,0.919739738751023
POL,max_uptake,9,0.9080025790356776,0.9063202186026188
POL,max_uptake,10,0.8939199838958252,0.8920491227209195
POL,max_uptake,11,0.8789981047161658,0.8769337815375062
POL,max_uptake,12,0.8631399710913672,0.8608917963441101
POL,max_uptake,13,0.8463664295932543,0.8439231659478198
POL,max_uptake,14,0.8286615554619959,0.8260375367815505
POL,max_uptake,15,0.8101029657691554,0.8072859122278568
POL,mod_uptake,1,0.99231836402683,0.9920773100697691
POL,mod_uptake,2,0.9840120555028785,0.9835282827419022
POL,mod_uptake,3,0.9750361850298774,0.9743268431832627
POL,mod_uptake,4,0.9653691195826113,0.9644500045427984
POL,mod_uptake,5,0.9550390318219982,0.9538971829406807
POL,mod_uptake,6,0.9439780563641486,0.9426211136669108
POL,mod_uptake,7,0.9321032935879449,0.9305528211731314
POL,mod_uptake,8,0.9194026680048057,0.9176484011300734
POL,mod_uptake,9,0.9058944074157798,0.9039252257119786
POL,mod_uptake,10,0.891557019742966,0.8893490809004986
POL,mod_uptake,11,0.8763379432003122,0.873893184796043
POL,mod_uptake,12,0.8602160336082294,0.8575271726101577
POL,mod_uptake,13,0.8431741761375185,0.8402351380882261
POL,mod_uptake,14,0.8252072957334957,0.82202963377948
POL,mod_uptake,15,0.8063366587912331,0.8029254212592852
PRI,max_uptake,1,0.9959914002983073,0.9958334923405907
PRI,max_uptake,2,0.99159818345838,0.9912776684774957
PRI,max_uptake,3,0.9867961328205098,0.986302781651885
PRI,max_uptake,4,0.9815068629840175,0.9808422203695949
PRI,max_uptake,5,0.9757218786181856,0.9748664659603634
PRI,max_uptake,6,0.9693720165658971,0.9683137365095631
PRI,max_uptake,7,0.9623949325930273,0.9611246702573797
PRI,max_uptake,8,0.9547301465741559,0.9532414493679958
PRI,max_uptake,9,0.9463232811017374,0.9446048903543298
PRI,max_uptake,10,0.9371378744105868,0.9351681572302266
PRI,max_uptake,11,0.9271256859821957,0.9248904294130901
PRI,max_uptake,12,0.9162523595246922,0.9137419748415062
PRI,max_uptake,13,0.904462363779647,0.9016612105709675
PRI,max_uptake,14,0.8917320346664382,0.8886320667174871
PRI,max_uptake,15,0.8780748649857172,0.8746657981149729
PRI,mod_uptake,1,0.9957907360197024,0.9956756666976709
PRI,mod_uptake,2,0.9911855802704983,0.9909549877865819
PRI,mod_uptake,3,0.9861588127889168,0.9858024789600144
PRI,mod_uptake,4,0.980606423874446,0.9801276312645589
PRI,mod_uptake,5,0.9745392954551635,0.9739214007114013
PRI,mod_uptake,6,0.9678847052082187,0.967116410275048
PRI,mod_uptake,7,0.9605584288994171,0.9596363928761704
PRI,mod_uptake,8,0.952495329572765,0.9514293136261759
PRI,mod_uptake,9,0.9436513563074983,0.9424400927672874
PRI,mod_uptake,10,0.9339795637442413,0.9326138815304367
PRI,mod_uptake,11,0.9234319466915212,0.9219074702401308
PRI,mod_uptake,12,0.911975231806681,0.9102907685087023
PRI,mod_uptake,13,0.8995522239138856,0.897695643248343
PRI,mod_uptake,14,0.886135289452591,0.8841124889963075
PRI,mod_uptake,15,0.8717249025478343,0.8695339890040161
PRT,max_uptake,1,0.9947796579658169,0.9946194029008316
PRT,max_uptake,2,0.9890736410005551,0.9887457717883662
PRT,max_uptake,3,0.9828487431356456,0.9823450199916061
PRT,max_uptake,4,0.9759983101187282,0.9753168971779937
PRT,max_uptake,5,0.9685445634085441,0.9676624771564382
PRT,max_uptake,6,0.9604092418318699,0.9593157129635645
PRT,max_uptake,7,0.9514740040796541,0.9501585755079869
PRT,max_uptake,8,0.9417379559620551,0.9401720772072872
PRT,max_uptake,9,0.931066188641972,0.9292345105416504
PRT,max_uptake,10,0.9194168219030528,0.9173068218395404
PRT,max_uptake,11,0.9067443939851314,0.9043195524839814
PRT,max_uptake,12,0.8929459408520812,0.8901958016054069
PRT,max_uptake,13,0.8780152790926803,0.874921251037122
PRT,max_uptake,14,0.8619040514103278,0.8584545782976472
PRT,max_uptake,15,0.8446259863604497,0.8407990960409208
PRT,mod_uptake,1,0.9948256280673026,0.994743351000658
PRT,mod_uptake,2,0.9891595225890449,0.9890028730418704
PRT,mod_uptake,3,0.9830106691518804,0.9827673548005621
PRT,mod_uptake,4,0.9762524505561032,0.9759206745159908
PRT,mod_uptake,5,0.968873451350066,0.9684560240230989
PRT,mod_uptake,6,0.9608034735275717,0.9602924204970463
PRT,mod_uptake,7,0.951970495762158,0.9513472368232676
PRT,mod_uptake,8,0.9422771272351292,0.9415593346483571
PRT,mod_uptake,9,0.9316661885166405,0.9308377411361304
PRT,mod_uptake,10,0.9201307030709082,0.9191456547862641
PRT,mod_uptake,11,0.9075777367374321,0.9064054664129325
PRT,mod_uptake,12,0.8939073619741814,0.892540987694659
PRT,mod_uptake,13,0.8791078291176925,0.8775297889098846
PRT,mod_uptake,14,0.8631344681736559,0.8613195183965889
PRT,mod_uptake,15,0.8460006962750363,0.843922092044602
PYF,max_uptake,1,0.997450700188779,0.9973425123460111
PYF,max_uptake,2,0.9946777331702304,0.9944561690753112
PYF,max_uptake,3,0.9916540401422982,0.9913094037103365
PYF,max_uptake,4,0.9883397113783144,0.9878646484441357
PYF,max_uptake,5,0.9847245934804306,0.9841094197621535
PYF,max_uptake,6,0.9807788132706817,0.9800124116194774
PYF,max_uptake,7,0.9764663487845269,0.975549036441623
PYF,max_uptake,8,0.9717631549808662,0.9706832057783593
PYF,max_uptake,9,0.966616539270013,0.9653656745055182
PYF,max_uptake,10,0.9610053900199478,0.9595722846950947
PYF,max_uptake,11,0.9548951871091501,0.9532654235399903
PYF,max_uptake,12,0.9482571042658362,0.9464235962351903
PYF,max_uptake,13,0.9410525414135722,0.9390054698252895
PYF,max_uptake,14,0.93325033986988,0.9309766081373858
PYF,max_uptake,15,0.9248348683116331,0.9223202287580754
PYF,mod_uptake,1,0.9974678757561009,0.9973381453738548
PYF,mod_uptake,2,0.9947118523560142,0.9944475076359983
PYF,mod_uptake,3,0.9916986527043218,0.9912912928860772
PYF,mod_uptake,4,0.9884007335330431,0.9878384339844233
PYF,mod_uptake,5,0.9848040990010799,0.9840762055526526
PYF,mod_uptake,6,0.9808814520195427,0.9799721158996914
PYF,mod_uptake,7,0.9765919120425295,0.9754979855935172
PYF,mod_uptake,8,0.971917867481217,0.9706232806085721
PYF,mod_uptake,9,0.9668031877536086,0.9652973483758065
PYF,mod_uptake,10,0.9612230299836685,0.959490075748673
PYF,mod_uptake,11,0.9551472906249735,0.9531673483273151
PYF,mod_uptake,12,0.9485461569561147,0.9463081396484169
PYF,mod_uptake,13,0.9413824053120352,0.9388735713916535
PYF,mod_uptake,14,0.9336225886236211,0.930822451143867
PYF,mod_uptake,15,0.9252550854430439,0.9221431106435202
QAT,max_uptake,1,0.9988393930947351,0.9987632932133289
QAT,max_uptake,2,0.9975711786323751,0.9974171931586195
QAT,max_uptake,3,0.9962032019811232,0.9959594366770578
QAT,max_uptake,4,0.9947171047246987,0.9943779569719012
QAT,max_uptake,5,0.9930942629091745,0.9926496489054243
QAT,max_uptake,6,0.9912994966052778,0.9907414500346546
QAT,max_uptake,7,0.9893419693252723,0.9886563783397251
QAT,max_uptake,8,0.987184468267163,0.9863704245345778
QAT,max_uptake,9,0.9848409051645058,0.9838829430751206
QAT,max_uptake,10,0.9822824684731689,0.9811677227226661
QAT,max_uptake,11,0.9794571209346765,0.9781740450681571
QAT,max_uptake,12,0.9763559131681674,0.9748920622822307
QAT,max_uptake,13,0.9729643606360967,0.9713040597569392
QAT,max_uptake,14,0.9692661518122779,0.9673974871386193
QAT,max_uptake,15,0.9652363518002235,0.9631513759363194
QAT,mod_uptake,1,0.9987964543109641,0.9987274592569825
QAT,mod_uptake,2,0.9974635128034993,0.9973323643079078
QAT,mod_uptake,3,0.9960311735466669,0.9958276457292571
QAT,mod_uptake,4,0.9944724926361025,0.9941907441869107
QAT,mod_uptake,5,0.9927640368782045,0.9923984450995214
QAT,mod_uptake,6,0.9908834862766139,0.9904273111722948
QAT,mod_uptake,7,0.9888254845257031,0.9882670511075429
QAT,mod_uptake,8,0.986563015298718,0.9859010572622547
QAT,mod_uptake,9,0.9841136232901341,0.9833325491546014
QAT,mod_uptake,10,0.9814397691764045,0.9805247128353718
QAT,mod_uptake,11,0.9784854573808759,0.977425558175045
QAT,mod_uptake,12,0.9752314884037194,0.9740204015938938
QAT,mod_uptake,13,0.9716808700423466,0.9703019152579105
QAT,mod_uptake,14,0.967818147297992,0.966259109605856
QAT,mod_uptake,15,0.9636332205170434,0.961873008655994
ROU,max_uptake,1,0.9925351146996427,0.9922528322048386
ROU,max_uptake,2,0.9844455429595379,0.9838618114623782
ROU,max_uptake,3,0.9757183121139925,0.974834253350292
ROU,max_uptake,4,0.9662415058597731,0.9650574674082344
ROU,max_uptake,5,0.9560451995673099,0.9545453074432658
ROU,max_uptake,6,0.9450960032542194,0.9432564630102515
ROU,max_uptake,7,0.9332377413777257,0.9310691903500123
ROU,max_uptake,8,0.9205592032374348,0.9180426142788933
ROU,max_uptake,9,0.9069514913420533,0.9040977256716162
ROU,max_uptake,10,0.8924165074970272,0.8892247949294522
ROU,max_uptake,11,0.8770598721872042,0.8735058456365835
ROU,max_uptake,12,0.8607188181527575,0.8567904196871937
ROU,max_uptake,13,0.8433683743342715,0.8390486111809896
ROU,max_uptake,14,0.8249991909517453,0.8203219584624721
ROU,max_uptake,15,0.8058516104405264,0.8008174540110213
ROU,mod_uptake,1,0.9924922577046246,0.9921203327022436
ROU,mod_uptake,2,0.9843092206425426,0.9835591831383218
ROU,mod_uptake,3,0.9755092612318298,0.9743769437403064
ROU,mod_uptake,4,0.965986143182957,0.9644729738203242
ROU,mod_uptake,5,0.95568834955671,0.9537575392180547
ROU,mod_uptake,6,0.9446550573176276,0.9422976267699615
ROU,mod_uptake,7,0.9327508521153169,0.9299839881145695
ROU,mod_uptake,8,0.9199360746346942,0.9167315368870453
ROU,mod_uptake,9,0.9062147772008645,0.9026001348557791
ROU,mod_uptake,10,0.8916224316735699,0.887618203544658
ROU,mod_uptake,11,0.8761290719444419,0.8716829640274636
ROU,mod_uptake,12,0.8596084523593455,0.8547279014236159
ROU,mod_uptake,13,0.8420411287439237,0.8367372521580629
ROU,mod_uptake,14,0.8235430704353421,0.8178078830233222
ROU,mod_uptake,15,0.8041998209945778,0.7980593402479721
SAU,max_uptake,1,0.9984578367722354,0.9983968060554034
SAU,max_uptake,2,0.996770878215079,0.9966426929313695
SAU,max_uptake,3,0.994919709173026,0.9947221717886306
SAU,max_uptake,4,0.9929032338668062,0.9926335606393257
SAU,max_uptake,5,0.9907135570552238,0.9903594049118171
SAU,max_uptake,6,0.9882856595283318,0.9878454122731783
SAU,max_uptake,7,0.9856169705484179,0.9850829032236369
SAU,max_uptake,8,0.9826891309474178,0.9820549086489926
SAU,max_uptake,9,0.9794862053296604,0.9787486838994526
SAU,max_uptake,10,0.9759883710912716,0.9751365905545787
SAU,max_uptake,11,0.972151193573409,0.9711785048885083
SAU,max_uptake,12,0.9679277570974772,0.9668266036001347
SAU,max_uptake,13,0.9633257842137,0.962086527803924
SAU,max_uptake,14,0.9583303772566778,0.9569423211127702
SAU,max_uptake,15,0.9528984664857671,0.9513514644873398
SAU,mod_uptake,1,0.9984622329449331,0.9983797181187509
SAU,mod_uptake,2,0.996777991828101,0.9966013573654636
SAU,mod_uptake,3,0.9949314168294902,0.9946632330934403
SAU,mod_uptake,4,0.9929148151072812,0.992545732648288
SAU,mod_uptake,5,0.9907286561766363,0.9902463777684264
SAU,mod_uptake,6,0.9883065579191304,0.9876979975138263
SAU,mod_uptake,7,0.9856576104122804,0.9849099392657901
SAU,mod_uptake,8,0.9827378002503865,0.9818479578486831
SAU,mod_uptake,9,0.9795530942282785,0.9785091314693788
SAU,mod_uptake,10,0.9760634939633615,0.9748536377824409
SAU,mod_uptake,11,0.97223808960208,0.9708578414070498
SAU,mod_uptake,12,0.9680328495725627,0.9664577702962311
SAU,mod_uptake,13,0.9634628547898463,0.9616822578673525
SAU,mod_uptake,14,0.9584798710743896,0.9564854908401238
SAU,mod_uptake,15,0.9530625342266584,0.9508450548901096
SGP,max_uptake,1,0.9972803905482581,0.9970685481663861
SGP,max_uptake,2,0.9943192518555427,0.9938861837926347
SGP,max_uptake,3,0.99109189600688,0.9904185316034162
SGP,max_uptake,4,0.9875678745689405,0.9866348954409682
SGP,max_uptake,5,0.9837190642195164,0.9825038838155055
SGP,max_uptake,6,0.9795137080788858,0.9779862518245467
SGP,max_uptake,7,0.9749226465061827,0.9730625013856827
SGP,max_uptake,8,0.9699073759664356,0.967691523770492
SGP,max_uptake,9,0.9644375215576237,0.9618332447897631
SGP,max_uptake,10,0.9584664723645605,0.9554363276553398
SGP,max_uptake,11,0.9519779315366502,0.9484886512222683
SGP,max_uptake,12,0.9449408934976349,0.9409535697075136
SGP,max_uptake,13,0.9373187601073589,0.9327899901186251
SGP,max_uptake,14,0.929083700756627,0.9239744333200253
SGP,max_uptake,15,0.920216529651424,0.9144903749102387
SGP,mod_uptake,1,0.9972904947227802,0.9971482127626998
SGP,mod_uptake,2,0.9943320602773982,0.9940386218522768
SGP,mod_uptake,3,0.9911145114837525,0.9906567596165324
SGP,mod_uptake,4,0.9876025590875481,0.986964946898414
SGP,mod_uptake,5,0.9837643182556519,0.9829317360072878
SGP,mod_uptake,6,0.97956546004449,0.9785136244609834
SGP,mod_uptake,7,0.974979561818424,0.9736912461261618
SGP,mod_uptake,8,0.9699829815622951,0.9684346641454662
SGP,mod_uptake,9,0.9645110627718967,0.962691215744751
SGP,mod_uptake,10,0.9585443209050174,0.9564167840598626
SGP,mod_uptake,11,0.9520571016815645,0.9495932528765463
SGP,mod_uptake,12,0.9450243014911905,0.9421871625309152
SGP,mod_uptake,13,0.9373752869514558,0.9341397093841122
SGP,mod_uptake,14,0.9290627968920833,0.9254251293610053
SGP,mod_uptake,15,0.9201214898836766,0.9160505044078502
SVK,max_uptake,1,0.9922111394483385,0.9921680557635603
SVK,max_uptake,2,0.9838134198897124,0.9837393511053368
SVK,max_uptake,3,0.9747365765188246,0.9746337729891223
SVK,max_uptake,4,0.9649212366567868,0.9648189072430081
SVK,max_uptake,5,0.9543592906282313,0.9542431286022808
SVK,max_uptake,6,0.943047430236791,0.9429274486677908
SVK,max_uptake,7,0.930903497426805,0.930777762096215
SVK,max_uptake,8,0.9178127292645366,0.9177016665490235
SVK,max_uptake,9,0.9037745986822718,0.9036718063882462
SVK,max_uptake,10,0.8888675330494327,0.888736431065065
SVK,max_uptake,11,0.8730406916367378,0.8728749124130778
SVK,max_uptake,12,0.8562593645759525,0.8560375859857243
SVK,max_uptake,13,0.8384508581868421,0.8381764017387575
SVK,max_uptake,14,0.8197043321575918,0.819351362663244
SVK,max_uptake,15,0.800124450767058,0.7996808399184138
SVK,mod_uptake,1,0.9923489881916456,0.9919946964065838
SVK,mod_uptake,2,0.9841107687806959,0.9833776186962819
SVK,mod_uptake,3,0.9751856104904457,0.9740814625302279
SVK,mod_uptake,4,0.9655584509896332,0.9640831345373937
SVK,mod_uptake,5,0.9552082405023108,0.9533417807169305
SVK,mod_uptake,6,0.9441082591273833,0.9418425939085703
SVK,mod_uptake,7,0.9321763685357946,0.9295012934593357
SVK,mod_uptake,8,0.9193293982360531,0.9162519992514991
SVK,mod_uptake,9,0.9055684770690704,0.9020777204434018
SVK,mod_uptake,10,0.8909207675929622,0.8869977623187264
SVK,mod_uptake,11,0.8753662030564978,0.8710031358905742
SVK,mod_uptake,12,0.8588483677085341,0.8540457582885161
SVK,mod_uptake,13,0.8414033654995375,0.8361229212722195
SVK,mod_uptake,14,0.8229679139414589,0.8172489039589299
SVK,mod_uptake,15,0.8037117042877493,0.7975576396345362
SVN,max_uptake,1,0.9944888784800058,0.9942926112979241
SVN,max_uptake,2,0.9884518952232383,0.988034089204706
SVN,max_uptake,3,0.9819165978115614,0.9812734041024603
SVN,max_uptake,4,0.9748081477961735,0.9739440234330778
SVN,max_uptake,5,0.9670819792236165,0.9659873009126962
SVN,max_uptake,6,0.9587059495597015,0.957375106059531
SVN,max_uptake,7,0.9495379766762351,0.9479588283067315
SVN,max_uptake,8,0.9396219312996982,0.9377855441401692
SVN,max_uptake,9,0.9288841150181752,0.9267991459900441
SVN,max_uptake,10,0.9173597446983842,0.9149939431116666
SVN,max_uptake,11,0.9048228509431798,0.9021549586818021
SVN,max_uptake,12,0.8912886026715907,0.8882583239348946
SVN,max_uptake,13,0.8766600661604852,0.8732437128336715
SVN,max_uptake,14,0.8610100457175958,0.8572041367051692
SVN,max_uptake,15,0.8444262536014128,0.8402188921459256
SVN,mod_uptake,1,0.9945910853143771,0.9941454051613311
SVN,mod_uptake,2,0.9886630710614671,0.9877110473010008
SVN,mod_uptake,3,0.9822643129711535,0.9807827018754426
SVN,mod_uptake,4,0.9752920951942751,0.9732695467294034
SVN,mod_uptake,5,0.9677100582477811,0.9650996368975493
SVN,mod_uptake,6,0.9595025333919907,0.9562731175847263
SVN,mod_uptake,7,0.9505071847459027,0.94663806127324
SVN,mod_uptake,8,0.9407535893496761,0.9362203683365808
SVN,mod_uptake,9,0.930210191227533,0.9249801198989787
SVN,mod_uptake,10,0.9188795974937044,0.9129180260155302
SVN,mod_uptake,11,0.9065115376699371,0.8997694955212906
SVN,mod_uptake,12,0.8931763462213844,0.8855633942147867
SVN,mod_uptake,13,0.8787048299944682,0.8702276701649936
SVN,mod_uptake,14,0.8632323726258201,0.8538359393134661
SVN,mod_uptake,15,0.8468196061859942,0.836478627947181
SWE,max_uptake,1,0.9962767985456012,0.9961322540683665
SWE,max_uptake,2,0.9921229079024945,0.9918256872834101
SWE,max_uptake,3,0.9875192152645,0.9870569429718872
SWE,max_uptake,4,0.9823987554487906,0.9817694429904046
SWE,max_uptake,5,0.9767511587673737,0.9759454781429516
SWE,max_uptake,6,0.9705260798563644,0.9695291107165841
SWE,max_uptake,7,0.9636740395141101,0.9624868609189993
SWE,max_uptake,8,0.9561177354014259,0.9547324128245752
SWE,max_uptake,9,0.9478194711075796,0.9462252340073022
SWE,max_uptake,10,0.9387009409890507,0.9368766470920521
SWE,max_uptake,11,0.9287126690243508,0.9266400836215976
SWE,max_uptake,12,0.9178171703309311,0.9154832333312577
SWE,max_uptake,13,0.9059299405205411,0.9033319728810928
SWE,max_uptake,14,0.8930383011927531,0.8901646636276248
SWE,max_uptake,15,0.8791408105454587,0.8759752897900954
SWE,mod_uptake,1,0.9964863486566188,0.9962914595394846
SWE,mod_uptake,2,0.9925680841527817,0.9921598533617366
SWE,mod_uptake,3,0.9882066752789236,0.9875776890858481
SWE,mod_uptake,4,0.9833888715479719,0.9825140271332986
SWE,mod_uptake,5,0.9780848003322916,0.9769557237522788
SWE,mod_uptake,6,0.9722217280153259,0.970816099377224
SWE,mod_uptake,7,0.9657521436858153,0.9640663311009435
SWE,mod_uptake,8,0.9586301849013943,0.9566504307825929
SWE,mod_uptake,9,0.9508162108173392,0.9485083805306245
SWE,mod_uptake,10,0.9422318866710366,0.9395750124962773
SWE,mod_uptake,11,0.9328237214830313,0.9297959867195129
SWE,mod_uptake,12,0.9225428156620704,0.9191274701708317
SWE,mod_uptake,13,0.9113205737587533,0.9075186033385673
SWE,mod_uptake,14,0.8991348387348486,0.8949263260709825
SWE,mod_uptake,15,0.8859829790374283,0.8813460694480683
SYC,max_uptake,1,0.9974067023458719,0.9972964264306392
SYC,max_uptake,2,0.9945824108169076,0.9943542103190912
SYC,max_uptake,3,0.9915001377918105,0.9911494571767105
SYC,max_uptake,4,0.9881160570904154,0.987635316416973
SYC,max_uptake,5,0.984422249752948,0.9837994402179383
SYC,max_uptake,6,0.9803808122009079,0.9796055713919766
SYC,max_uptake,7,0.9759537714441462,0.9750221152055272
SYC,max_uptake,8,0.9711089985682256,0.9700074651260133
SYC,max_uptake,9,0.9657861963609917,0.9645057877897946
SYC,max_uptake,10,0.9599744969528862,0.9584985278891989
SYC,max_uptake,11,0.9536176969228635,0.9519322215324926
SYC,max_uptake,12,0.9466881054654058,0.9447870414172209
SYC,max_uptake,13,0.9391441341293788,0.9370072808050068
SYC,max_uptake,14,0.930931892331499,0.9285488269132599
SYC,max_uptake,15,0.9220543285720569,0.91941149364233
SYC,mod_uptake,1,0.9974760340646978,0.9973364727536507
SYC,mod_uptake,2,0.9947136179755025,0.9944293288405964
SYC,mod_uptake,3,0.9917071567927458,0.9912649909144851
SYC,mod_uptake,4,0.9884106782303979,0.9878004084451392
SYC,mod_uptake,5,0.9848134772196708,0.9840159057411518
SYC,mod_uptake,6,0.9808807903964196,0.9798784687114351
SYC,mod_uptake,7,0.9765726087215105,0.9753538817222985
SYC,mod_uptake,8,0.9718456385948483,0.9703960596645131
SYC,mod_uptake,9,0.9666617227476118,0.9649604695194324
SYC,mod_uptake,10,0.9609914839055269,0.9590184671783207
SYC,mod_uptake,11,0.9547936058076688,0.9525216677659376
SYC,mod_uptake,12,0.9480385348747233,0.9454502478081431
SYC,mod_uptake,13,0.9406811334783461,0.9377492793899406
SYC,mod_uptake,14,0.9326717290671941,0.9293735348516143
SYC,mod_uptake,15,0.924007253021131,0.9203233971007004
TTO,max_uptake,1,0.997098723425832,0.996952001481732
TTO,max_uptake,2,0.9939346601744553,0.9936314239431113
TTO,max_uptake,3,0.9904747423383844,0.9900101277969322
TTO,max_uptake,4,0.9866801185033549,0.9860429661825736
TTO,max_uptake,5,0.9825242387625882,0.9817002173195477
TTO,max_uptake,6,0.9779728670649099,0.9769478458420612
TTO,max_uptake,7,0.972978955584841,0.9717402664287098
TTO,max_uptake,8,0.9675122249387068,0.9660437814668101
TTO,max_uptake,9,0.9615115187034549,0.95980143664257
TTO,max_uptake,10,0.9549512873015379,0.9529825673864316
TTO,max_uptake,11,0.9477850320962252,0.9455369953655698
TTO,max_uptake,12,0.9399894261695756,0.9374411282158059
TTO,max_uptake,13,0.9315138195795222,0.9286454122114483
TTO,max_uptake,14,0.9223135734088853,0.9191064783355906
TTO,max_uptake,15,0.9123951504430733,0.9088264299440367
TTO,mod_uptake,1,0.9970926112290449,0.99693650560849
TTO,mod_uptake,2,0.9939345960574789,0.9936105678044668
TTO,mod_uptake,3,0.990491469208192,0.9899888461363842
TTO,mod_uptake,4,0.98670748230352,0.9860216993814389
TTO,mod_uptake,5,0.9825624066210668,0.9816785022175323
TTO,mod_uptake,6,0.9780325147473143,0.9769283185943592
TTO,mod_uptake,7,0.9730681346075254,0.9717247525696356
TTO,mod_uptake,8,0.9676274454265793,0.9660254501507594
TTO,mod_uptake,9,0.961654739666994,0.9597815736025681
TTO,mod_uptake,10,0.9551242637284127,0.9529525673351708
TTO,mod_uptake,11,0.9479770332702347,0.9454863039470464
TTO,mod_uptake,12,0.9401676837447434,0.937348142295305
TTO,mod_uptake,13,0.931663726383562,0.9284992272339315
TTO,mod_uptake,14,0.9224424754253477,0.918905777480452
TTO,mod_uptake,15,0.9124840229453959,0.9085517152374972
TWN,max_uptake,1,0.9954627271191707,0.9951674037569438
TWN,max_uptake,2,0.9905443287439197,0.9899282578450099
TWN,max_uptake,3,0.9851911987086529,0.9842342759895849
TWN,max_uptake,4,0.9794133368073649,0.9780846588711112
TWN,max_uptake,5,0.973153456438137,0.9714218648378439
TWN,max_uptake,6,0.9663689770798363,0.9642049270443553
TWN,max_uptake,7,0.9589872042512064,0.9563584949490517
TWN,max_uptake,8,0.9509456620193706,0.9478220345743887
TWN,max_uptake,9,0.9422118205130338,0.9385642103871754
TWN,max_uptake,10,0.9327652164048923,0.9285529195348019
TWN,max_uptake,11,0.9226073482534559,0.9177863960234303
TWN,max_uptake,12,0.9116533050231193,0.9061873002368532
TWN,max_uptake,13,0.8998286901988869,0.8936934121943237
TWN,max_uptake,14,0.8871224902005822,0.8802903817589797
TWN,max_uptake,15,0.8736082579797709,0.8660426016843532
TWN,mod_uptake,1,0.9950977341984245,0.9950574974017933
TWN,mod_uptake,2,0.9897740055969028,0.9896875193092063
TWN,mod_uptake,3,0.9840165872460018,0.983878390022618
TWN,mod_uptake,4,0.9777843687219278,0.9775955063052347
TWN,mod_uptake,5,0.970998655536723,0.9707542182359714
TWN,mod_uptake,6,0.9636461054031527,0.9633422062775228
TWN,mod_uptake,7,0.9556469503551656,0.9552749119048544
TWN,mod_uptake,8,0.9469398106445852,0.9464936180589896
TWN,mod_uptake,9,0.9374655382771275,0.9369348712001889
TWN,mod_uptake,10,0.9272306537824355,0.9266104555737218
TWN,mod_uptake,11,0.9162337240102828,0.9154828518230353
TWN,mod_uptake,12,0.9044052053538099,0.9035037741554433
TWN,mod_uptake,13,0.8916484667748994,0.8905893714283031
TWN,mod_uptake,14,0.8779916135242031,0.8767419308303109
TWN,mod_uptake,15,0.8634867490102303,0.8620204582619825
URY,max_uptake,1,0.9954209279896524,0.9951717583440086
URY,max_uptake,2,0.9904252456765952,0.9899209458714078
URY,max_uptake,3,0.9849698970632527,0.9841989778673667
URY,max_uptake,4,0.9790547134586939,0.9780076274898478
URY,max_uptake,5,0.9726827300644603,0.9713412975790747
URY,max_uptake,6,0.9658140844764133,0.9641682150517218
URY,max_uptake,7,0.9583721119238716,0.9564069161734725
URY,max_uptake,8,0.9503048687020222,0.9480031170685762
URY,max_uptake,9,0.9415861956482401,0.9389358281542052
URY,max_uptake,10,0.9322671753000765,0.92924126015398
URY,max_uptake,11,0.9223118572506022,0.9188977567579649
URY,max_uptake,12,0.9116400192884256,0.9078200296576135
URY,max_uptake,13,0.9002375615326352,0.8960011508770667
URY,max_uptake,14,0.8880650865414885,0.8834078924002174
URY,max_uptake,15,0.8751108964218467,0.8700058003277715
URY,mod_uptake,1,0.99532511784972,0.995195637044563
URY,mod_uptake,2,0.9902326888713908,0.9899712186677614
URY,mod_uptake,3,0.9846849159484026,0.9842920162424099
URY,mod_uptake,4,0.9786679618256233,0.9781385454987548
URY,mod_uptake,5,0.972181652224327,0.9715145879710996
URY,mod_uptake,6,0.9652006356636302,0.9643804146036894
URY,mod_uptake,7,0.9576318498132144,0.9566621500536348
URY,mod_uptake,8,0.949419517878341,0.9483054625709352
URY,mod_uptake,9,0.9405240544943659,0.9392691912792045
URY,mod_uptake,10,0.931013680613328,0.9296218170325891
URY,mod_uptake,11,0.9208633535821013,0.9193176243230192
URY,mod_uptake,12,0.9099675569505166,0.9082726046573326
URY,mod_uptake,13,0.89832362400135,0.8964904054565689
URY,mod_uptake,14,0.885905131813766,0.8839385540636979
URY,mod_uptake,15,0.8726959171182261,0.8705979370818954
USA,max_uptake,1,0.9944407675158494,0.9941733530914046
USA,max_uptake,2,0.9884680351855814,0.9879273914998408
USA,max_uptake,3,0.9820580550250904,0.9812374906013637
USA,max_uptake,4,0.9751761305892099,0.9740730190914317
USA,max_uptake,5,0.9678181892507629,0.9664209951872323
USA,max_uptake,6,0.9599531383507233,0.9582482042128063
USA,max_uptake,7,0.9515260292814243,0.9495027767758611
USA,max_uptake,8,0.9425017789721057,0.9401547387493467
USA,max_uptake,9,0.9328486759594138,0.9301716017066619
USA,max_uptake,10,0.9225632803896044,0.9195463431488325
USA,max_uptake,11,0.9116141002115782,0.9082466654907815
USA,max_uptake,12,0.8999535860211488,0.896228154540064
USA,max_uptake,13,0.8875706098007434,0.8834820406114873
USA,max_uptake,14,0.8744504942786153,0.8699929663737728
USA,max_uptake,15,0.8606268250572063,0.8557975547741438
USA,mod_uptake,1,0.9942669570393261,0.9941082717238567
USA,mod_uptake,2,0.988113469983317,0.9877979543104967
USA,mod_uptake,3,0.9815088865752387,0.9810383387181234
USA,mod_uptake,4,0.9744164655215743,0.9737974403108091
USA,mod_uptake,5,0.9668259052999384,0.9660588715248333
USA,mod_uptake,6,0.9587000506976676,0.9577872840314747
USA,mod_uptake,7,0.9499721683585498,0.9489264975187944
USA,mod_uptake,8,0.9405995060725986,0.9394414268749012
USA,mod_uptake,9,0.9305596018195149,0.9293008645478089
USA,mod_uptake,10,0.9198471867707597,0.918496652476014
USA,mod_uptake,11,0.9084307913241025,0.9069962350440827
USA,mod_uptake,12,0.8962583821362309,0.8947566141663944
USA,mod_uptake,13,0.8832861014489765,0.8817597679486838
USA,mod_uptake,14,0.8695087117321234,0.8679899677051298
USA,mod_uptake,15,0.8549771557016742,0.8534860893311906
